,UMAP_1,UMAP_2,cluster
0,-1.1773441,6.0489874,2
1,-4.3489966,6.807801,2
2,-0.96219003,4.1023774,2
3,-2.2751472,4.02783,2
4,-0.6855848,4.1030407,2
5,12.041551,7.528989,1
6,0.16760743,4.1233554,2
7,-1.7354336,6.6691294,2
8,-3.1807413,3.7308037,2
9,-1.9553605,5.9119577,2
10,-4.7923064,7.1154375,2
11,1.0819136,4.0964932,2
12,-5.0354276,6.659289,2
13,1.3102264,4.5738134,2
14,-3.932672,6.450998,2
15,-0.28135586,5.8885384,2
16,0.7210752,4.285334,2
17,-4.976134,6.9983954,2
18,0.5872135,4.9044075,2
19,-0.40773445,4.339788,2
20,2.1516838,-6.0511537,3
21,0.5851811,4.7938633,2
22,10.667329,9.4339695,0
23,-5.3972187,4.4565043,2
24,-4.4041247,3.8638468,2
25,12.00912,8.171895,1
26,-4.1245394,2.918752,2
27,-2.2342567,3.263995,2
28,1.7984556,-5.090255,3
29,-4.0734305,1.8973328,2
30,-1.933128,5.133669,2
31,1.2306851,-5.0580673,3
32,-4.2616377,6.9709425,2
33,2.1024606,-5.947123,3
34,2.2188737,-6.639698,3
35,12.053767,8.508797,1
36,-2.9580543,3.9991386,2
37,12.5880785,8.337381,1
38,-2.6668177,7.9264402,2
39,2.330049,-5.657541,3
40,0.4644831,5.5049214,2
41,-3.490934,4.990924,2
42,-4.3451757,4.68082,2
43,11.83419,7.9378276,1
44,-2.568737,5.0363264,2
45,-3.2508209,3.76618,2
46,-4.494027,2.8921878,2
47,-0.2597217,6.052344,2
48,1.7772603,-3.2060583,3
49,-1.8642021,6.184625,2
50,0.8241317,-5.244307,3
51,1.1499376,-5.082522,3
52,1.7932479,-4.368368,3
53,12.032464,7.5461636,1
54,12.072763,7.9893265,1
55,2.2206764,-6.494351,3
56,1.0915244,4.7679105,2
57,1.1796427,-5.137472,3
58,1.1668942,-4.552429,3
59,2.5970333,-6.116788,3
60,1.7990887,-4.3924785,3
61,-3.116021,7.5587234,2
62,-3.1876698,4.0655465,2
63,-2.952983,4.821624,2
64,-4.838418,6.856117,2
65,-3.175008,5.0376005,2
66,11.846514,7.885157,1
67,0.9070568,-5.017423,3
68,-3.0651793,4.7510552,2
69,-0.26138595,-5.1618953,4
70,-0.15364222,3.927597,2
71,1.2445078,-5.0816536,3
72,-2.68732,5.2906075,2
73,-2.4918668,4.7249475,2
74,-2.724128,5.3720613,2
75,12.181754,7.757553,1
76,0.7628154,-4.3639607,3
77,1.4790448,-4.3386154,3
78,-3.8253167,2.063551,2
79,1.1269181,-5.3151193,3
80,2.6429496,-6.270232,3
81,-5.1006937,6.1428714,2
82,1.3030918,-5.210064,3
83,1.7434365,-4.9612556,3
84,-2.076016,4.9018655,2
85,-3.3812122,4.149338,2
86,2.5445776,-6.1308546,3
87,-3.5021074,5.054996,2
88,-2.855887,3.4815788,2
89,-0.7009085,6.8354406,2
90,-0.3890223,4.3998046,2
91,2.0916529,-6.550409,3
92,2.2891622,-6.8200607,3
93,-4.3661165,6.9439607,2
94,1.7183264,-5.6061845,3
95,-3.6176043,5.397918,2
96,2.1597662,-5.3141556,3
97,-0.30435705,-5.6383915,4
98,0.023337357,5.477162,2
99,-2.4438365,5.6694164,2
100,-5.3366966,5.5756354,2
101,-2.0830042,7.8345,2
102,-0.41361323,0.07043019,6
103,1.7889651,-5.3705883,3
104,-1.1518114,6.582715,2
105,0.009916829,4.7368617,2
106,-4.9437566,6.954305,2
107,0.13653694,4.006049,2
108,-4.251497,6.590598,2
109,0.9144999,4.1064663,2
110,-1.1051918,5.18117,2
111,-1.1428359,6.91377,2
112,0.6623909,-5.3019114,3
113,-0.9353372,6.7006955,2
114,-1.4601047,6.1635685,2
115,-5.0405674,4.86882,2
116,2.5761654,-5.6006656,3
117,-4.5059667,2.8646708,2
118,-3.4256337,4.7373657,2
119,1.7217805,-5.5019536,3
120,-4.7311387,6.464771,2
121,-4.423228,4.212678,2
122,-0.3368506,5.437727,2
123,-0.50313056,0.12555182,6
124,-1.0227826,-0.013679378,6
125,1.1099814,-5.343731,3
126,0.8407894,-5.239347,3
127,0.7901503,-4.5338907,3
128,-2.3358154,8.020835,2
129,-3.1049855,5.7494974,2
130,-4.587406,7.2187495,2
131,-1.1204017,3.9975634,2
132,-3.5444896,6.273742,2
133,2.2495477,-6.3784494,3
134,-2.4356647,4.92531,2
135,-0.18795931,0.5272388,6
136,2.313793,-5.175941,3
137,-3.0456004,4.0742497,2
138,-2.4538515,7.622846,2
139,0.61552554,3.922258,2
140,-2.8279269,3.7142913,2
141,-0.83812535,0.6320946,6
142,11.985344,7.6250973,1
143,2.1137674,-6.598811,3
144,-1.6020492,5.849396,2
145,-2.6655447,7.6450834,2
146,-2.1254632,6.6361985,2
147,-0.21199171,5.3609986,2
148,2.6469135,-5.6579027,3
149,0.7806544,4.35039,2
150,2.2388387,-5.034251,3
151,1.7929437,-4.3585553,3
152,12.50572,8.267662,1
153,-2.4843738,7.957878,2
154,2.16333,-5.7400346,3
155,-4.2605963,2.1506348,2
156,1.5661871,-6.1384487,3
157,-2.5556357,3.179644,2
158,1.4487644,-4.1970625,3
159,-3.010448,3.3822818,2
160,0.007801345,0.6634289,6
161,-3.88425,4.095641,2
162,-4.7240744,4.25421,2
163,-3.5630345,2.9369476,2
164,-0.43888795,4.8246293,2
165,-0.5796601,-4.950838,4
166,0.14864855,0.785452,6
167,-2.7921808,7.823883,2
168,-3.8685546,3.927187,2
169,-3.977062,5.7990413,2
170,11.949652,8.182894,1
171,-2.4825022,7.8285217,2
172,-0.20532617,5.7784553,2
173,-3.7366538,6.6062455,2
174,1.0138896,-5.6764407,3
175,1.6656238,-7.001267,3
176,1.6337479,-6.9926734,3
177,2.322311,-6.006694,3
178,-0.17706862,4.0542483,2
179,-4.9208913,6.4956703,2
180,-3.008036,5.9457154,2
181,-1.0340961,6.6135187,2
182,-1.9012644,3.8390849,2
183,-1.4976525,4.08741,2
184,0.34259403,5.6350336,2
185,-5.040678,5.4348907,2
186,-0.6396964,4.1875324,2
187,-4.1247888,6.677778,2
188,-1.944755,4.703449,2
189,-0.12360045,4.659399,2
190,-3.2881181,3.9346604,2
191,10.644043,9.472794,0
192,-4.5282516,6.3007555,2
193,-0.35831508,6.1657553,2
194,0.5445805,4.66445,2
195,-3.0469434,4.4886928,2
196,-0.76552194,6.400332,2
197,-2.5971258,7.793305,2
198,-5.4737215,5.2009087,2
199,-3.2583938,6.473285,2
200,-0.75531346,0.75174314,6
201,-1.1029681,6.638101,2
202,-3.8073523,7.260069,2
203,1.9289595,-6.1051908,3
204,-0.7486334,6.15477,2
205,1.9602661,-6.296742,3
206,2.460042,-5.6879296,3
207,0.9467375,-6.000372,3
208,-2.7836738,7.7373657,2
209,-2.9946647,3.4508348,2
210,-0.5964029,5.364773,2
211,1.5062137,-5.7368627,3
212,-2.5130224,5.5600085,2
213,-2.4667132,7.6842675,2
214,-4.0791717,2.46441,2
215,2.3010702,-6.053421,3
216,12.347255,8.226433,1
217,-0.8934175,6.2108107,2
218,-4.4968996,3.4994729,2
219,0.6382121,-5.475604,3
220,-1.3819337,6.145108,2
221,-0.33934128,4.1011415,2
222,-0.57931536,6.7599325,2
223,-0.10049558,0.615462,6
224,12.393413,8.526464,1
225,-4.548616,4.5149283,2
226,2.5170267,-6.0103135,3
227,-5.227097,6.8260255,2
228,-0.6761507,6.693966,2
229,-1.2930522,4.598192,2
230,-0.18555574,4.0049686,2
231,-1.2719607,6.2027736,2
232,-0.12467663,0.56245697,6
233,1.7029116,-5.439546,3
234,-3.4683318,4.8166265,2
235,-3.5052361,4.624794,2
236,1.5424695,-4.9764156,3
237,-2.1888876,5.677405,2
238,-1.6550319,6.672919,2
239,-3.5178552,2.950731,2
240,0.5899996,4.167295,2
241,-0.79047173,0.73107415,6
242,-1.9369625,5.507384,2
243,0.9823371,4.691678,2
244,-4.438902,6.618828,2
245,1.2797348,-5.2480035,3
246,-1.6033504,6.5601807,2
247,-3.891169,2.4883022,2
248,-0.18563098,4.7053895,2
249,-0.44081202,0.09831138,6
250,-0.15984413,-4.6375246,4
251,-2.0881944,7.0631814,2
252,-0.4691317,6.6948175,2
253,-4.3140574,2.5521328,2
254,-2.6477807,4.074698,2
255,-0.63150436,-4.944572,4
256,-2.2852085,6.2189655,2
257,1.2520224,-5.829148,3
258,-4.9354677,6.512037,2
259,-0.4315249,-5.0959578,4
260,2.0869122,-5.167504,3
261,-0.086542085,0.44432488,6
262,1.500883,-5.3109345,3
263,-0.998844,0.0735521,6
264,-3.6962445,6.9643316,2
265,-0.7110877,5.4275208,2
266,2.5410874,-6.782004,3
267,-3.6764538,5.907752,2
268,-3.885084,5.71663,2
269,-0.9743474,5.018674,2
270,-0.53104484,-5.0081096,4
271,-4.2226825,5.648019,2
272,-4.180389,5.650919,2
273,-0.88414407,2.8247385,2
274,-2.8444483,4.965033,2
275,-3.3886526,6.9661093,2
276,-3.8668551,4.3590593,2
277,-1.6377187,6.598689,2
278,1.5297315,-4.3953447,3
279,1.1130487,-6.2373624,3
280,-5.4069214,5.5086536,2
281,2.034999,-5.9170628,3
282,-1.7822781,4.400845,2
283,0.31685463,5.433805,2
284,1.0908887,-5.590135,3
285,2.1030552,-4.9438405,3
286,-3.9358184,5.604332,2
287,-3.6074793,4.4313436,2
288,-0.7438069,4.216004,2
289,1.1536094,-5.1658754,3
290,12.2953415,7.897789,1
291,1.9647762,-6.7426605,3
292,-0.07293996,3.978625,2
293,-2.3108382,3.5460763,2
294,0.9254505,4.6269827,2
295,2.8595068,-6.837262,3
296,-4.058608,2.2881064,2
297,-4.5962577,7.043331,2
298,-0.39657006,-4.82497,4
299,-4.6435213,5.2760043,2
300,1.1029474,-5.1852126,3
301,2.3024068,-4.4624143,3
302,0.11851279,5.3088894,2
303,-4.641948,4.590801,2
304,-1.1343992,6.916965,2
305,-1.0750422,6.2059894,2
306,-1.1772213,5.8698187,2
307,12.148573,7.560266,1
308,12.559701,8.223816,1
309,0.7686338,-5.266642,3
310,-4.9556804,5.4466434,2
311,1.8491144,-6.4134192,3
312,-3.0444796,3.820053,2
313,-0.8639014,6.265028,2
314,-0.84208274,-0.08825978,6
315,12.624683,7.593463,1
316,1.9632977,-7.0232415,3
317,1.2067195,-6.407773,3
318,-2.494799,7.5487967,2
319,-3.9973502,2.1868262,2
320,-0.7641458,6.7462497,2
321,-3.2442684,6.135644,2
322,-4.4553924,2.7731867,2
323,1.6404549,-5.043396,3
324,12.510256,8.159561,1
325,-2.3501935,7.6468363,2
326,-4.6361213,3.7525928,2
327,-5.040489,5.226386,2
328,-0.3520542,0.11638259,6
329,2.1266797,-4.3213487,3
330,2.561467,-6.0678587,3
331,-2.5578954,4.979147,2
332,-3.2480788,5.528367,2
333,-3.5587308,5.957791,2
334,-1.145402,6.4421554,2
335,1.0464876,4.3214054,2
336,-3.1860633,2.771407,2
337,-2.489061,3.8561182,2
338,-2.2737148,3.8838775,2
339,-2.9519556,4.7651443,2
340,-0.1075107,4.1461315,2
341,1.0206738,-3.3890522,3
342,-0.06837347,-4.8164835,4
343,1.1197444,-4.183461,3
344,-3.5179486,5.9416165,2
345,-4.241971,6.2378473,2
346,-1.3955704,5.10955,2
347,-4.088242,6.6887035,2
348,-2.8504143,3.8176475,2
349,-2.0217257,4.9831877,2
350,-1.930517,6.0259843,2
351,2.209088,-6.1545386,3
352,-1.6943389,4.513439,2
353,0.46261373,5.170783,2
354,-0.61772114,0.4489993,6
355,12.619871,7.823518,1
356,-5.0406685,5.8785024,2
357,-3.8849425,6.690991,2
358,-4.271536,2.2166908,2
359,0.6795051,4.983483,2
360,0.69064736,-3.9941125,3
361,-2.0137813,6.9126964,2
362,-0.65097886,6.5109506,2
363,-4.1258345,5.38035,2
364,1.6798195,-5.529355,3
365,-3.634517,6.953494,2
366,0.03507138,4.101081,2
367,0.40599182,4.5837073,2
368,-0.7474702,6.568331,2
369,-2.9260542,3.5398118,2
370,-1.5218387,7.6169195,2
371,1.4571037,-6.321615,3
372,-2.4457667,7.5705457,2
373,-2.6811662,7.8976827,2
374,-5.3569894,5.3240237,2
375,-1.2470582,0.8345369,7
376,-4.7029343,4.605607,2
377,1.4599302,-2.9379053,3
378,-5.213432,6.6978,2
379,-1.6764699,6.6091967,2
380,-1.673221,6.5850368,2
381,-0.12940654,0.79837954,6
382,12.188117,7.8219275,1
383,-4.350654,6.593932,2
384,-0.5083548,1.1766868,6
385,-4.3628693,3.7953644,2
386,-2.65284,4.0142326,2
387,-3.4855967,6.07776,2
388,-3.7827046,5.560881,2
389,-0.95109904,4.0518723,2
390,-3.3271053,6.2083125,2
391,-5.0077024,5.2045345,2
392,-1.1027559,2.5815308,2
393,-1.5726286,4.7576065,2
394,0.6420251,4.669545,2
395,-0.5625143,-4.98214,4
396,0.054202408,4.801336,2
397,-4.3018374,4.2688556,2
398,-0.21771547,0.10942576,6
399,-0.49387115,-5.2597427,4
400,-0.08930573,4.363306,2
401,12.436066,8.057243,1
402,-3.8429298,2.1069167,2
403,-4.4181204,7.1054277,2
404,-4.136535,5.2365055,2
405,-3.0124733,4.7411656,2
406,0.67390436,-4.0681005,3
407,-4.7784133,3.8724608,2
408,-2.3782356,3.8191118,2
409,-2.098361,5.152495,2
410,0.8681166,4.0286407,2
411,-4.2590456,6.6986656,2
412,-4.559745,6.92858,2
413,-3.796703,6.1844573,2
414,0.8344639,1.8887076,5
415,0.94785106,1.8138405,5
416,2.6828835,-6.4768014,3
417,-4.402271,3.8047302,2
418,-3.8951352,2.1726854,2
419,-4.3665047,5.8203025,2
420,12.643738,7.802975,1
421,2.3960345,-6.274209,3
422,-4.3237863,3.7717774,2
423,2.600705,-6.2093415,3
424,-0.7882598,0.4955215,6
425,-4.6475315,6.640654,2
426,0.72303975,4.90039,2
427,2.1373768,-5.0613503,3
428,-4.378786,2.773693,2
429,-3.6017535,7.1186676,2
430,-3.2748797,3.6668396,2
431,-2.0818393,3.2726283,2
432,-3.5195684,6.982977,2
433,-0.90686023,-0.1201074,6
434,0.55280125,-5.0180626,3
435,-3.6917558,6.166963,2
436,-1.8342646,4.4653335,2
437,0.9142579,-5.8815684,3
438,2.6790063,-6.8112445,3
439,-2.1583645,7.3677115,2
440,0.76434076,-4.8532615,3
441,0.71667194,-4.113011,3
442,0.69558465,1.4417994,5
443,1.7514962,-7.041839,3
444,1.0910393,-6.387308,3
445,-4.2887073,6.740881,2
446,-3.1515412,5.7760353,2
447,-5.140024,6.5712767,2
448,-3.449658,5.294447,2
449,1.3586476,-3.2291107,3
450,1.3655158,4.478301,2
451,-2.4341667,7.6786904,2
452,-3.1303215,7.7618294,2
453,-0.6985734,-4.9622917,4
454,-3.173742,7.7825613,2
455,12.354602,8.017985,1
456,-4.4926915,6.190388,2
457,1.8099604,-4.3258834,3
458,-0.61929554,-5.1566496,4
459,1.0015479,4.8671575,2
460,-4.2147408,2.1718407,2
461,-1.9316273,3.3016922,2
462,-5.1659603,6.627497,2
463,-0.22819367,3.6687021,2
464,0.39780298,5.4911313,2
465,-3.1971242,7.6513543,2
466,-2.7754838,4.5828342,2
467,1.5365372,-4.802146,3
468,0.92060035,1.8681788,5
469,-0.18843223,0.07959331,6
470,-5.294251,4.2665105,2
471,0.89638305,-5.9086914,3
472,-3.0547597,6.504212,2
473,-0.48531163,4.160561,2
474,2.0212367,-5.5397754,3
475,12.362582,8.533828,1
476,-2.7278895,4.348715,2
477,1.0279939,-5.9147005,3
478,-0.16117653,0.4170508,6
479,2.377708,-6.6985235,3
480,1.5014688,-5.326362,3
481,-4.304782,5.71306,2
482,2.292842,-4.2465544,3
483,-4.7799006,5.6100492,2
484,1.0140833,4.577884,2
485,-0.68484366,0.1439075,6
486,-0.4587529,6.2538223,2
487,-1.5101484,6.4183564,2
488,-4.2745805,4.270699,2
489,-2.1246316,3.7109394,2
490,-1.3636618,5.49072,2
491,-2.8982844,4.309925,2
492,-3.442253,4.9865937,2
493,-4.439059,2.5821235,2
494,1.7408959,-5.7426353,3
495,-1.1835432,4.201187,2
496,-2.8062975,5.2100434,2
497,-0.95490146,5.0310645,2
498,-1.133088,6.4633417,2
499,-1.7790278,4.4477534,2
500,1.0774258,4.6772933,2
501,-0.12691025,5.263164,2
502,2.2611678,-6.8579793,3
503,-0.41481853,5.4447656,2
504,-4.1132684,4.4042673,2
505,2.190608,-5.12179,3
506,-3.115236,4.529893,2
507,-3.9259503,6.7005677,2
508,12.571971,7.7529955,1
509,-2.186541,7.8000474,2
510,0.7425276,-4.8343277,3
511,1.7053769,-5.0334873,3
512,2.6657188,-7.045303,3
513,12.180648,7.8319407,1
514,-2.045976,5.2200327,2
515,-4.4243245,2.8600202,2
516,-3.3816683,4.632519,2
517,0.5570387,4.509917,2
518,12.587369,7.603,1
519,-3.06416,7.468583,2
520,-0.8191405,-0.010500416,6
521,1.1352649,-4.6418085,3
522,0.73702866,-4.8532734,3
523,-2.2567167,4.1041923,2
524,1.3448366,-2.7716727,3
525,-2.8613942,3.5541832,2
526,-1.6398357,5.527839,2
527,-1.4109806,6.1716228,2
528,-5.276653,6.1137304,2
529,-5.442281,5.300542,2
530,-2.8812838,3.7100532,2
531,0.85534817,-4.2332563,3
532,-2.1848798,7.8798985,2
533,1.3924779,-5.637548,3
534,-3.0989213,3.8158019,2
535,-1.0289477,6.050881,2
536,12.262278,7.850421,1
537,0.32453606,4.81736,2
538,-3.4171515,4.825175,2
539,-1.9912411,3.2026176,2
540,-0.9627398,3.5235395,2
541,-2.3011246,7.619535,2
542,2.43373,-6.735421,3
543,-2.029323,4.921666,2
544,12.540155,8.092066,1
545,1.1915479,-6.0899134,3
546,-3.4163418,4.736045,2
547,-3.370519,3.0363557,2
548,1.1557027,-5.358251,3
549,-3.0297077,2.8757467,2
550,-4.9841795,4.519136,2
551,-2.5751114,4.463573,2
552,1.1412992,-4.5858426,3
553,-3.539397,6.3172655,2
554,-3.5564048,3.5318696,2
555,-4.6012297,4.8736367,2
556,-0.43020442,-4.9708343,4
557,-0.07801952,0.28682476,6
558,-2.2601545,4.801161,2
559,-2.5523322,7.9165444,2
560,0.83039975,-6.3500085,3
561,-0.54229665,0.39918086,6
562,-4.381225,6.794824,2
563,-1.404614,6.816454,2
564,-2.908426,4.4991984,2
565,-4.1939926,6.905221,2
566,-2.229445,7.3936787,2
567,-5.1000853,5.192494,2
568,-2.8786705,7.8100386,2
569,-0.20092018,0.5780235,6
570,0.73125476,5.242943,2
571,2.2752345,-5.4400992,3
572,-2.944883,3.3888292,2
573,1.241128,-3.0854623,3
574,1.6581897,-6.9855313,3
575,-1.0003225,-0.0065238755,6
576,1.7829504,-4.3362894,3
577,-0.30376086,3.9294891,2
578,-1.7949755,6.7530155,2
579,-5.502412,4.9922624,2
580,1.2900485,4.3097954,2
581,1.4494516,-4.4057064,3
582,0.9347296,-6.3616376,3
583,12.623992,7.8262486,1
584,-3.6534622,7.182165,2
585,2.432904,-4.4140306,3
586,-3.3963938,4.6705136,2
587,-4.5778036,5.2204366,2
588,1.1975833,-2.9216037,3
589,-1.8869072,5.517834,2
590,-2.5909443,4.277169,2
591,2.087194,-6.0423336,3
592,12.461832,8.218535,1
593,1.0891311,-4.6446548,3
594,1.9131517,-4.6451206,3
595,1.9597673,-5.807058,3
596,2.191895,-6.611123,3
597,-4.483186,3.1577673,2
598,2.7145307,-6.944046,3
599,-0.8480554,-0.21106829,6
600,-2.7899363,4.915017,2
601,-2.8236775,4.049922,2
602,-4.7232738,7.171239,2
603,-3.0423849,4.6764913,2
604,-3.739444,5.426409,2
605,-2.8333852,3.9133053,2
606,-4.3209233,5.331168,2
607,1.1705616,4.6511245,2
608,0.8997363,-6.3795977,3
609,0.576131,-4.9940534,3
610,1.8433429,-4.365549,3
611,-5.455048,5.5209246,2
612,2.681501,-6.7215557,3
613,-2.0748198,7.223551,2
614,-0.7622749,-0.17870028,6
615,0.47430268,5.561566,2
616,-0.6264434,0.08298233,6
617,-1.3528637,1.012995,7
618,-1.1110634,3.2852826,2
619,-1.8656486,4.9086084,2
620,-4.5144897,7.085194,2
621,-1.2054765,4.2521772,2
622,11.9189625,8.184558,1
623,-4.4560895,7.3506775,2
624,-3.3874469,6.7356005,2
625,0.011213513,5.8275537,2
626,-0.37149605,-5.5143704,4
627,2.605083,-7.1009192,3
628,-4.256802,6.9866805,2
629,1.301999,-4.9737797,3
630,-2.8870816,7.787179,2
631,-1.0667683,6.6288633,2
632,-4.4085455,2.4050667,2
633,-1.2658215,6.6431355,2
634,-4.364156,5.9388065,2
635,-0.25683987,0.491884,6
636,2.2357984,-6.538401,3
637,-5.263887,5.290543,2
638,-0.68900806,4.183067,2
639,-4.9256105,7.0444098,2
640,-2.4328341,3.9309874,2
641,-4.480867,7.292698,2
642,-0.9290045,5.3902555,2
643,-4.155632,4.6205134,2
644,0.71373534,-4.9188714,3
645,-1.6170806,6.062224,2
646,0.78834283,-5.41941,3
647,-3.0984492,3.3342276,2
648,-2.0771604,5.164268,2
649,-4.9004326,3.992455,2
650,1.2510593,-3.127325,3
651,1.9612213,-5.6504593,3
652,-2.7751708,4.3933983,2
653,-0.32302824,-5.008531,4
654,-0.7961599,0.07793188,6
655,-0.8333509,6.067201,2
656,-3.57411,3.373349,2
657,1.6040385,-5.2285495,3
658,2.054235,-6.364677,3
659,-4.557414,3.344418,2
660,1.9743533,-4.9091053,3
661,-2.2040117,6.3802137,2
662,1.0545787,-3.7088437,3
663,-4.8467484,4.50095,2
664,-1.4613817,6.056867,2
665,-4.972203,3.9095166,2
666,0.6336174,-6.1300025,3
667,-1.4793363,4.93145,2
668,0.3770681,4.8353767,2
669,1.2650232,-5.34955,3
670,-0.50678307,-5.143917,4
671,0.62755305,-5.31938,3
672,-3.572956,1.7234179,2
673,2.427349,-4.4450006,3
674,0.7570168,-5.162407,3
675,0.33104512,5.4937625,2
676,0.713122,-4.4792156,3
677,-1.9148769,7.7537503,2
678,-0.89914423,5.195567,2
679,-4.4260387,2.6421688,2
680,1.9196976,-5.1900206,3
681,1.130411,-2.8499894,3
682,-1.5010934,5.191903,2
683,-3.2786558,4.94823,2
684,-0.20777231,0.17358483,6
685,1.2397873,-3.1806376,3
686,-0.5825763,-0.45040113,6
687,-1.929353,4.9624043,2
688,12.620414,8.2108135,1
689,-2.7556043,7.885218,2
690,2.3826487,-5.3477073,3
691,0.41417125,5.6073723,2
692,1.024163,4.7458563,2
693,-4.496138,5.8479795,2
694,-5.007152,4.7142167,2
695,-4.662711,5.326597,2
696,0.9431166,4.130047,2
697,1.8386334,-4.3294897,3
698,-1.9529414,6.663742,2
699,2.1805935,-6.315984,3
700,-0.2444225,5.662127,2
701,-0.3547158,4.26779,2
702,-4.849856,5.2514033,2
703,-1.07369,5.2240396,2
704,1.1013142,4.109947,2
705,-0.8058833,-0.040515143,6
706,-0.804426,-0.06113248,6
707,-0.08560573,5.3338428,2
708,-1.7627264,4.180382,2
709,1.7474613,-5.599769,3
710,1.2157696,-4.8524814,3
711,-3.1907399,6.0723763,2
712,1.5623499,-6.8402596,3
713,-3.3239312,6.7852907,2
714,-1.0014429,5.6808476,2
715,-0.36474395,-5.550964,4
716,-0.80550134,3.6114569,2
717,-4.6836762,5.302601,2
718,-0.8317564,0.5999738,6
719,-3.235821,5.052587,2
720,-4.0600815,4.848472,2
721,12.450328,7.989494,1
722,-0.93501914,6.3051147,2
723,-0.5984913,0.660283,6
724,-3.337412,4.769574,2
725,12.362577,8.470014,1
726,-3.238895,5.50762,2
727,2.2091515,-4.61993,3
728,-4.6512814,6.676229,2
729,-5.2387176,5.580166,2
730,1.9008831,-6.0183077,3
731,-3.4409747,4.6080294,2
732,0.791633,-4.332071,3
733,-0.4857218,-5.08463,4
734,-5.124615,6.6551685,2
735,-5.2218895,5.791467,2
736,0.709041,-5.2605395,3
737,-0.86882204,6.1588407,2
738,-0.43441078,-5.3998137,4
739,-3.2845454,6.074463,2
740,-3.2569075,6.3319526,2
741,0.95344704,4.6856384,2
742,12.445494,8.501873,1
743,-3.4429824,5.2079988,2
744,-1.3176223,7.5516257,2
745,-3.274631,6.808205,2
746,-4.5737734,5.129892,2
747,0.9028428,-5.708571,3
748,1.1828091,-3.1837883,3
749,-1.0235238,5.1862617,2
750,-4.4281015,2.7823472,2
751,-2.3292763,5.006656,2
752,-0.6943488,6.013399,2
753,1.1831077,-5.3519874,3
754,-3.8281417,2.6417942,2
755,-0.8256824,-0.10494749,6
756,1.3516366,-2.974205,3
757,-2.9356067,3.5886164,2
758,-2.9980402,4.4712987,2
759,-4.981819,6.3874598,2
760,-4.442556,6.900126,2
761,-3.36391,3.3727865,2
762,-2.1334846,5.0667024,2
763,-3.4970772,3.8341625,2
764,-1.2620304,3.3376374,2
765,0.38794586,-5.058297,3
766,-0.8924352,4.324389,2
767,-1.0270925,6.5587773,2
768,-1.3960559,7.5859075,2
769,2.060914,-4.8632836,3
770,-2.1325593,4.81425,2
771,-5.301888,5.180445,2
772,-1.9581312,4.051875,2
773,1.1375678,-2.8513265,3
774,-4.814365,4.970687,2
775,-0.9392979,2.8633747,2
776,-0.3274342,0.45882142,6
777,2.2639618,-4.56724,3
778,0.8660369,-3.2929356,3
779,2.82622,-6.675199,3
780,-3.1407843,5.624708,2
781,-0.8081359,0.28237367,6
782,-2.6503963,7.391602,2
783,12.231095,7.8518195,1
784,1.143395,-3.1245103,3
785,-3.156296,7.572025,2
786,-1.265512,0.8648328,7
787,-2.9050443,3.795013,2
788,-0.8828304,6.225057,2
789,-4.259609,6.9807153,2
790,-4.091617,6.863302,2
791,-3.4276035,6.8376713,2
792,-0.6528957,0.4474339,6
793,2.7284975,-6.857127,3
794,2.2355652,-6.5981994,3
795,-5.0999155,4.5724835,2
796,-0.46297303,4.371291,2
797,-3.5679262,3.7668672,2
798,0.36638793,4.611884,2
799,-3.839143,2.617638,2
800,-4.524354,6.859343,2
801,-4.351922,4.978014,2
802,1.6815647,-4.2913957,3
803,1.9250973,-4.841523,3
804,-2.6314993,5.040006,2
805,-2.7234116,5.98685,2
806,-2.6658242,3.9072473,2
807,12.584697,7.8944435,1
808,12.166744,8.10916,1
809,-2.3068674,6.5386376,2
810,1.1480069,-4.582817,3
811,12.607321,7.82508,1
812,-1.5174205,7.6283083,2
813,2.650713,-6.4480352,3
814,-0.88305163,-0.05594597,6
815,-4.195495,2.5274692,2
816,-2.5270267,5.926692,2
817,-5.4729023,4.6723943,2
818,0.66613513,4.540519,2
819,-0.38652346,6.605614,2
820,12.073273,8.123581,1
821,2.3453217,-4.8962193,3
822,2.042201,-6.742414,3
823,-0.8712608,2.8145287,2
824,12.28906,7.8607035,1
825,1.862951,-6.8915195,3
826,-3.758225,1.4190153,2
827,1.106768,4.338777,2
828,-1.2528054,6.2945747,2
829,2.433727,-4.5137506,3
830,-4.356579,3.8275175,2
831,12.563389,8.251497,1
832,1.0704856,-6.200728,3
833,12.336494,8.5483,1
834,1.0567752,-3.1987529,3
835,12.569464,8.279317,1
836,1.9135115,-5.215044,3
837,2.3896966,-4.6818986,3
838,0.7406289,1.4248642,5
839,-0.955987,3.9952886,2
840,1.8183569,-4.2722745,3
841,-3.6705558,5.0093484,2
842,-0.43115526,0.6326382,6
843,-5.166024,5.0237164,2
844,-1.0650058,6.6036325,2
845,-0.49671805,-4.8350544,4
846,-2.4022648,6.0720735,2
847,-3.615751,5.973851,2
848,12.132633,7.7854853,1
849,2.755234,-7.1023064,3
850,-0.15828146,-5.2333384,4
851,-2.9909701,3.3826206,2
852,-0.4890919,-5.362222,4
853,2.7039475,-6.5524597,3
854,-1.9578049,5.8109527,2
855,-3.0849178,3.58563,2
856,-0.7538898,4.200127,2
857,-3.724881,4.776834,2
858,1.5302894,-5.9400854,3
859,-0.9560757,6.235222,2
860,-3.1704786,4.580893,2
861,-0.6120652,-0.44194353,6
862,-0.31942666,5.551701,2
863,-4.042803,6.6391025,2
864,-2.3439186,5.375365,2
865,-4.514523,5.270289,2
866,0.9359943,-4.5558915,3
867,0.9889715,4.1851864,2
868,1.5998443,-5.546527,3
869,-3.2382972,4.3175616,2
870,-0.58838403,-0.45603114,6
871,0.9177538,-5.2849693,3
872,-0.9426763,2.872634,2
873,-0.94734234,-0.054053485,6
874,10.6540575,9.45759,0
875,-2.0437565,7.856579,2
876,-0.5890466,0.421211,6
877,2.232313,-6.049124,3
878,-5.4137754,4.7590575,2
879,-0.22328743,5.8272023,2
880,2.1755831,-4.704668,3
881,12.469077,8.163713,1
882,2.6343732,-6.915071,3
883,-4.345422,2.7203567,2
884,-5.1190143,4.818993,2
885,0.13917409,4.4838896,2
886,-0.1270002,5.928855,2
887,-0.2542111,0.6411973,6
888,-3.1302671,3.4898849,2
889,-4.443134,2.484163,2
890,-3.1093087,7.3533697,2
891,0.020293081,-5.4279633,4
892,2.48323,-6.8104787,3
893,-1.5937681,6.768662,2
894,1.6152838,-4.3929234,3
895,-0.22354868,1.0833551,6
896,12.078537,8.367163,1
897,-3.4760485,6.027432,2
898,-2.2124653,5.1736393,2
899,0.84597737,2.02365,5
900,1.7359571,-5.2704396,3
901,1.5792795,-3.0127225,3
902,12.242545,8.216816,1
903,-1.0868198,5.4386134,2
904,-0.05664969,0.2670662,6
905,-0.52528834,0.6105542,6
906,0.03891786,5.387797,2
907,-3.09175,7.7716165,2
908,-3.0819082,5.2084985,2
909,-4.0761776,4.9774046,2
910,-0.7367091,6.8462014,2
911,1.9591229,-6.640417,3
912,-5.255071,5.626617,2
913,2.8011928,-6.9282603,3
914,-1.7103417,5.543105,2
915,-1.3586787,7.5854034,2
916,1.1516967,-5.6736245,3
917,12.173946,7.8327885,1
918,0.88706887,-5.401877,3
919,-0.3301249,4.188518,2
920,12.46014,8.218929,1
921,1.4776268,-3.011703,3
922,-4.735811,7.003127,2
923,-0.39186153,-5.112474,4
924,-3.153002,4.312736,2
925,-5.0766387,6.6666017,2
926,-0.7629655,6.9069715,2
927,0.6670799,4.0568004,2
928,-0.5115041,4.3518534,2
929,0.9013075,-5.4483924,3
930,1.8723625,-4.3132596,3
931,0.9845115,-4.592388,3
932,-1.7402556,4.945236,2
933,-4.674303,7.234656,2
934,0.4598824,5.7324038,2
935,-4.263632,4.8562517,2
936,-0.52891964,6.3237867,2
937,-0.03923243,4.49301,2
938,1.658284,-4.242861,3
939,-3.8672047,2.026199,2
940,-4.318639,6.0674095,2
941,-3.571604,5.2851477,2
942,2.3323035,-6.3685694,3
943,-5.06187,6.633843,2
944,-3.4112551,4.209785,2
945,-0.8359717,5.0015078,2
946,1.1749904,4.2309766,2
947,1.6582098,-5.6117387,3
948,-0.9500022,4.07487,2
949,12.112094,8.118355,1
950,-1.3144629,6.5933394,2
951,0.85048705,4.4010153,2
952,1.6127951,-5.6612864,3
953,0.7259954,-4.6478076,3
954,0.97954065,1.633089,5
955,-2.5064404,4.455895,2
956,-4.9552298,7.0230646,2
957,-2.6204875,3.5448244,2
958,-3.7154868,6.1966667,2
959,-0.7579349,5.86467,2
960,-4.0698886,1.8856227,2
961,-2.30125,4.920617,2
962,-5.0641074,3.8761735,2
963,-2.503148,5.94132,2
964,-4.375089,2.7682679,2
965,-4.5398054,5.1231675,2
966,-2.6973965,3.6993833,2
967,-3.706279,4.968186,2
968,0.19815314,4.596928,2
969,-0.39121762,0.07764564,6
970,-2.4802828,4.5350714,2
971,1.3384467,-6.816566,3
972,-0.29089838,5.966301,2
973,-4.5076404,2.9613402,2
974,-2.6992538,3.6823711,2
975,-4.447412,7.2864327,2
976,-4.994689,4.7576942,2
977,12.090966,7.5499873,1
978,1.3887154,-2.8614058,3
979,-0.7713888,0.2532361,6
980,-4.801996,4.6315713,2
981,-0.43669578,-0.2357278,6
982,2.7805915,-6.830512,3
983,0.28144807,5.7363586,2
984,0.8232057,1.6029502,5
985,0.99278325,4.61688,2
986,0.6999573,-6.1104302,3
987,-4.5650535,3.2320294,2
988,12.13373,7.5158086,1
989,1.4365175,-6.6732855,3
990,-4.309774,2.7255497,2
991,1.251451,-5.8867145,3
992,-1.345247,6.9253697,2
993,-0.6246998,-4.849334,4
994,-2.194569,4.4552584,2
995,-1.3556471,6.3586264,2
996,0.76197547,4.441471,2
997,-3.4144566,2.918151,2
998,-2.5268638,7.5862823,2
999,-0.5059355,4.4623437,2
1000,12.623402,8.43116,1
1001,-0.53151745,5.72374,2
1002,-4.9796715,6.268248,2
1003,0.27052364,5.404686,2
1004,0.949427,-5.9174404,3
1005,2.8457391,-7.0564685,3
1006,-4.065825,1.8585633,2
1007,-3.4337082,5.4532404,2
1008,-0.8541435,5.63333,2
1009,1.228488,-3.056297,3
1010,-3.0783253,5.323296,2
1011,0.93481827,4.571242,2
1012,-2.6015599,5.978749,2
1013,2.5253766,-7.1231275,3
1014,0.79152197,1.556055,5
1015,0.78583246,1.6500167,5
1016,11.884745,8.238564,1
1017,-5.3660073,5.535858,2
1018,-0.22200209,0.6376856,6
1019,-0.6923342,-4.877334,4
1020,0.9978426,-5.191935,3
1021,-5.511954,5.243503,2
1022,-1.4745696,5.6159706,2
1023,-3.0652947,3.3146005,2
1024,0.35655758,4.104004,2
1025,1.3938307,-3.2532642,3
1026,-0.25057814,4.316209,2
1027,-1.7607535,5.391309,2
1028,0.75619555,4.0274687,2
1029,2.7630308,-6.997746,3
1030,-1.0163167,6.9180565,2
1031,-3.5490716,3.8109088,2
1032,-2.1500263,4.4047546,2
1033,-0.86856186,0.5848153,6
1034,-5.133343,4.1124578,2
1035,2.272806,-5.359759,3
1036,-0.27845427,-5.639379,4
1037,-0.6959347,0.34074104,6
1038,-0.59698087,5.1235833,2
1039,-4.903538,7.039992,2
1040,-1.9583492,7.823563,2
1041,-0.58124477,0.6288002,6
1042,-0.7107239,-0.09478789,6
1043,2.13611,-6.8305397,3
1044,-1.3703156,5.477807,2
1045,1.8974111,-6.554539,3
1046,-2.401101,3.272155,2
1047,-2.8812735,5.517136,2
1048,-4.250542,5.0331416,2
1049,-3.8223114,1.7523489,2
1050,-4.8342714,4.0714803,2
1051,-0.061667144,4.220637,2
1052,-1.9772848,3.2283247,2
1053,1.7078886,-5.6015687,3
1054,1.185809,4.236421,2
1055,0.66285664,5.308053,2
1056,1.0870792,-4.8211513,3
1057,-1.2798461,5.9240513,2
1058,0.91811484,1.7523489,5
1059,-0.24674545,0.14340138,6
1060,-4.3919206,6.9308987,2
1061,-0.51299566,3.8997285,2
1062,-1.3342205,5.2063723,2
1063,2.7014313,-7.009586,3
1064,0.69284433,4.4347897,2
1065,-3.6526937,2.8533232,2
1066,-3.115402,6.0571804,2
1067,-1.5803354,6.8242054,2
1068,1.7575405,-5.5270615,3
1069,-3.541885,5.585225,2
1070,-2.4631228,8.063552,2
1071,-2.5624897,7.490563,2
1072,2.6465075,-6.1042714,3
1073,-0.7934544,6.559563,2
1074,-4.6103787,4.2010193,2
1075,2.4917338,-5.0336123,3
1076,-1.1247122,4.9441113,2
1077,-4.4339614,4.0241046,2
1078,-4.514617,2.9624207,2
1079,-5.038633,5.4983582,2
1080,-0.27384695,0.59842855,6
1081,-3.4375687,6.816256,2
1082,-0.7443338,4.7890744,2
1083,-2.470982,4.9058824,2
1084,-1.2261107,3.9627755,2
1085,-0.92616695,0.5038653,6
1086,-3.726279,5.3640685,2
1087,0.72611415,-4.1390324,3
1088,-5.059667,4.7411156,2
1089,-4.636071,5.259929,2
1090,-0.5288162,0.045282632,6
1091,-4.8721,7.012483,2
1092,-0.48440424,0.9376159,6
1093,1.0797153,-6.378313,3
1094,-4.8035784,4.291748,2
1095,-3.639381,1.6095704,2
1096,-0.7179291,0.8288414,6
1097,-3.1425438,6.3072147,2
1098,-4.33117,6.68076,2
1099,-4.491795,2.8392732,2
1100,-4.1809044,7.1951795,2
1101,-0.847327,0.8673582,6
1102,2.3054655,-4.3480473,3
1103,11.972009,8.327387,1
1104,-4.6294746,4.371202,2
1105,-4.631483,3.964921,2
1106,0.782342,-5.405555,3
1107,-3.2471094,5.6058917,2
1108,0.88430345,1.7537472,5
1109,-0.3068131,0.0945708,6
1110,12.336547,7.9847083,1
1111,-0.55787385,3.78302,2
1112,12.059387,7.5818458,1
1113,-2.307714,8.0490265,2
1114,1.5978262,-6.119969,3
1115,2.5243914,-6.384249,3
1116,-1.4539448,5.658851,2
1117,-4.1760373,2.3943877,2
1118,-0.034595754,0.6076916,6
1119,-0.7866517,0.46543205,6
1120,-2.8928723,7.6589656,2
1121,-4.4201202,2.713265,2
1122,-5.1131434,6.1296277,2
1123,12.164885,8.482906,1
1124,1.341536,-3.2731419,3
1125,-0.20542651,0.26893094,6
1126,2.4603634,-6.458207,3
1127,-1.6322392,5.5770583,2
1128,-0.743577,4.449349,2
1129,-4.5361834,4.9913497,2
1130,0.92129385,1.8806093,5
1131,-0.7493377,6.916763,2
1132,1.2647841,-3.0502632,3
1133,12.610354,8.395463,1
1134,0.81146324,4.472946,2
1135,-0.3081192,5.967574,2
1136,-0.8745563,6.491705,2
1137,-2.8014357,4.6680317,2
1138,0.2785064,4.661466,2
1139,1.1057557,-5.3777623,3
1140,-4.236487,5.1759686,2
1141,2.2910454,-5.9512076,3
1142,1.3925145,-5.6385856,3
1143,-5.1441755,4.1315403,2
1144,-1.0866351,0.0977332,6
1145,-2.0158083,6.217421,2
1146,0.70167935,1.975102,5
1147,-4.177783,5.3031583,2
1148,-3.7485662,5.6640863,2
1149,-2.528823,7.8216634,2
1150,-4.2841725,2.9353466,2
1151,-1.7805164,6.4505506,2
1152,-0.91857296,2.8451781,2
1153,1.1950307,4.6935844,2
1154,-2.9132345,5.7773485,2
1155,-0.64025456,0.20675059,6
1156,2.2974672,-6.2965674,3
1157,-4.333771,6.8665295,2
1158,-4.4934645,6.9586544,2
1159,-3.674245,4.583196,2
1160,10.673016,9.430427,0
1161,-0.55770004,4.6318116,2
1162,-3.3755138,4.5909495,2
1163,-1.9335593,4.938325,2
1164,-0.609925,0.5459121,6
1165,-3.6620853,1.4006448,2
1166,-3.7191014,1.8784398,2
1167,-0.54710793,0.50478846,6
1168,12.0485935,8.443662,1
1169,-4.2236395,2.6306088,2
1170,-0.52814656,-4.9324546,4
1171,-3.501537,6.971548,2
1172,-4.9565935,7.0184684,2
1173,-3.1292639,7.5225453,2
1174,-2.5247388,5.1473255,2
1175,1.0310782,4.099525,2
1176,-3.5901146,2.8698802,2
1177,0.21413973,4.357017,2
1178,-5.2736325,6.0267477,2
1179,-4.2067733,6.7427354,2
1180,1.388485,-2.9185705,3
1181,1.9830441,-4.2550097,3
1182,-0.53684175,5.6449704,2
1183,11.968883,8.3213415,1
1184,-2.7972786,3.922393,2
1185,-4.5379944,7.296637,2
1186,-0.8298708,-0.06132797,6
1187,2.2090235,-5.4723706,3
1188,-1.8746144,6.0100193,2
1189,-5.341464,5.5507364,2
1190,-0.82334656,6.376209,2
1191,-4.447227,2.5276313,2
1192,-3.282764,3.2331576,2
1193,0.57991815,4.6776557,2
1194,-4.319012,5.8756757,2
1195,-2.456875,4.1622257,2
1196,-1.2355349,7.6138334,2
1197,-4.305484,2.7697423,2
1198,0.14369906,5.32978,2
1199,-0.880012,4.157178,2
1200,-3.2846372,2.9239347,2
1201,2.46466,-6.003954,3
1202,-4.4971466,7.35253,2
1203,1.5886652,-5.6158304,3
1204,-4.5477424,5.430584,2
1205,-5.359784,4.9217086,2
1206,-3.7204173,1.4541534,2
1207,-3.5162966,3.3026578,2
1208,1.0594714,1.8977399,5
1209,-2.7010813,7.411148,2
1210,-2.5313993,5.884169,2
1211,1.0733725,-3.6380622,3
1212,0.52924883,-5.309056,3
1213,0.40171105,4.745418,2
1214,-2.3214257,4.868512,2
1215,-2.155373,4.411719,2
1216,-3.7716103,5.623948,2
1217,-2.8486574,7.8325143,2
1218,1.330617,-5.613533,3
1219,-1.242313,4.366229,2
1220,-0.4728808,6.3990474,2
1221,0.66966087,4.213915,2
1222,0.9369441,1.8147126,5
1223,-3.0439072,3.4065318,2
1224,-0.8433698,6.5617743,2
1225,2.0394306,-5.126794,3
1226,1.4010544,-5.4090104,3
1227,-2.1180892,5.066506,2
1228,-0.75884944,-0.30556932,6
1229,-0.24853978,0.21200101,6
1230,-1.339116,3.9135497,2
1231,2.3072667,-6.3640037,3
1232,-3.3030498,6.0842266,2
1233,-2.7923076,5.07487,2
1234,-0.26071882,4.360203,2
1235,-1.4539098,5.7574725,2
1236,-0.55069536,6.3801327,2
1237,-3.2147884,4.632603,2
1238,-4.180904,3.6922774,2
1239,12.2701435,7.818087,1
1240,-4.4061418,4.6084347,2
1241,2.7800486,-7.0529885,3
1242,-2.641274,5.989944,2
1243,-5.082287,6.624077,2
1244,2.0435364,-4.2943187,3
1245,-0.3844765,0.074058846,6
1246,1.5398399,-3.0745656,3
1247,1.1788911,-3.2616754,3
1248,0.28819436,4.621929,2
1249,11.914572,8.219531,1
1250,-0.3938515,4.24296,2
1251,-2.8679278,7.4455466,2
1252,12.345426,8.421387,1
1253,-4.6303315,3.4498992,2
1254,2.064244,-6.061544,3
1255,1.8961828,-5.083314,3
1256,-3.7342267,6.794477,2
1257,2.6419392,-6.051582,3
1258,0.8360504,-3.8957136,3
1259,-3.3555717,5.476464,2
1260,-3.7232049,5.2874784,2
1261,-0.082141176,5.671198,2
1262,2.0753927,-5.2360826,3
1263,0.8947939,1.5123914,5
1264,-3.9127133,6.350508,2
1265,-2.2908373,3.203832,2
1266,-5.1127954,3.9345036,2
1267,1.6734475,-6.9614244,3
1268,-3.8469656,3.705967,2
1269,12.597844,7.8584323,1
1270,1.6289617,-5.8830914,3
1271,-0.29394382,4.2428975,2
1272,-0.4278613,0.046263725,6
1273,-0.93627053,4.954358,2
1274,-0.48820344,-5.4102273,4
1275,-2.0455127,5.1978645,2
1276,-0.5572057,-0.28225148,6
1277,1.6249975,-5.1831656,3
1278,-1.8079515,4.2337976,2
1279,-0.72768974,6.668183,2
1280,1.3078437,-4.5380073,3
1281,1.1389396,-4.7309284,3
1282,1.22613,4.6262016,2
1283,-2.51894,7.9225135,2
1284,-0.17585696,5.8847046,2
1285,-2.3404188,6.738433,2
1286,12.5555525,8.045844,1
1287,-2.1576848,3.1611288,2
1288,1.4156747,-6.1429276,3
1289,1.0229555,-5.970861,3
1290,0.33868933,4.567291,2
1291,-5.0066724,6.7134027,2
1292,-1.2645894,0.19297735,6
1293,-1.2650799,4.2124834,2
1294,-1.4976434,5.844829,2
1295,2.084294,-5.246857,3
1296,1.1340293,-5.0443554,3
1297,-0.6881818,0.7330256,6
1298,-4.1376753,7.0142035,2
1299,-2.360036,4.5027924,2
1300,-3.4003532,6.175491,2
1301,-0.7868013,4.2750587,2
1302,-1.902151,7.4878707,2
1303,-2.8026547,7.916119,2
1304,0.981583,4.4151893,2
1305,2.620943,-6.1491957,3
1306,-3.7573502,1.5531801,2
1307,0.7628278,-5.1212983,3
1308,1.1996429,4.724896,2
1309,1.037774,4.360982,2
1310,11.960862,7.659415,1
1311,1.7106758,-6.145163,3
1312,1.0777708,4.729422,2
1313,-1.3635225,5.239287,2
1314,2.225473,-6.167736,3
1315,-3.754353,6.9068103,2
1316,-4.1283917,5.337465,2
1317,-2.7575946,7.8898883,2
1318,-4.2094965,5.479855,2
1319,-3.4825056,5.785145,2
1320,2.5892262,-6.2629294,3
1321,-1.7090914,6.5810437,2
1322,12.658189,7.972711,1
1323,-3.4679673,6.576038,2
1324,-1.5236961,7.63136,2
1325,1.1008916,-4.508796,3
1326,1.2098107,-4.5794654,3
1327,-4.3691993,2.2913358,2
1328,0.40384707,4.162502,2
1329,-5.1006474,4.7895594,2
1330,0.78363454,1.837518,5
1331,-2.000786,5.0100403,2
1332,-1.9240392,4.983748,2
1333,-0.77144504,0.5755628,6
1334,2.0300112,-6.3500986,3
1335,-4.627144,4.243026,2
1336,-0.29567894,-4.7641807,4
1337,-3.8406746,6.151852,2
1338,10.652756,9.455371,0
1339,-3.8609898,2.113654,2
1340,1.5012846,-5.4496803,3
1341,-0.513567,4.383369,2
1342,1.2050788,-4.3791842,3
1343,2.2118256,-6.6027093,3
1344,2.192998,-4.6418858,3
1345,-0.30302608,5.5375905,2
1346,-4.2604427,5.071838,2
1347,2.0306478,-4.4551644,3
1348,-0.5340956,5.817832,2
1349,-3.038882,3.4507508,2
1350,-3.084854,5.1248055,2
1351,0.96476436,1.7914476,5
1352,-2.754273,5.8538265,2
1353,-0.2997731,-5.5551724,4
1354,-4.870254,6.8241644,2
1355,-0.50930065,-5.295713,4
1356,-1.4667515,4.9532185,2
1357,-0.90987724,0.104702294,6
1358,1.2299534,-5.8724756,3
1359,2.074705,-6.399838,3
1360,1.8807917,-6.289868,3
1361,0.67898273,-4.0591974,3
1362,-4.204742,6.8524055,2
1363,-5.0661035,4.4137306,2
1364,0.71350497,-4.805328,3
1365,-3.5420647,2.7468286,2
1366,-4.0608807,5.539694,2
1367,0.39346546,5.7768073,2
1368,0.950074,4.1353035,2
1369,-0.5409671,5.6484447,2
1370,0.53179413,5.7176595,2
1371,1.0894876,-5.7803717,3
1372,-2.6643264,5.645249,2
1373,1.2003278,-6.397644,3
1374,1.1141179,-6.193537,3
1375,12.599254,8.334481,1
1376,12.111285,8.491209,1
1377,-1.8366743,5.974792,2
1378,-0.63675666,5.8522706,2
1379,-4.0088725,6.640111,2
1380,1.6806493,-5.6254015,3
1381,-0.9154018,5.175519,2
1382,-0.68556046,5.414604,2
1383,12.651846,7.614206,1
1384,-3.569298,2.872942,2
1385,0.4878538,1.9521484,5
1386,-0.8767697,1.0231112,6
1387,-2.0010138,3.1159375,2
1388,-1.9907473,3.1097622,2
1389,0.6651745,-5.425994,3
1390,0.3413402,-5.1709843,3
1391,0.78864676,4.186308,2
1392,-1.0156194,5.8336167,2
1393,-2.3097756,6.283969,2
1394,-0.13956755,4.3807693,2
1395,-3.1102333,3.9292078,2
1396,-5.2940536,5.178738,2
1397,-0.56720084,5.8634214,2
1398,-3.6181128,6.9171333,2
1399,12.370814,8.155401,1
1400,-1.9803951,6.5010343,2
1401,0.8786504,-6.3600254,3
1402,0.7042609,1.4079186,5
1403,0.30352777,5.628525,2
1404,-0.45763412,-5.4289327,4
1405,-0.39828306,0.3951238,6
1406,-0.6704613,-5.308667,4
1407,-3.7106078,1.6275145,2
1408,2.167104,-5.485531,3
1409,12.01765,8.336584,1
1410,-2.7278419,4.3820324,2
1411,12.592984,8.2999935,1
1412,-0.73776907,4.0602345,2
1413,-5.1123075,6.625745,2
1414,-0.26712015,5.2935133,2
1415,-1.2559873,6.713943,2
1416,-0.07698809,-4.874032,4
1417,2.6545455,-7.1047983,3
1418,12.338255,8.017845,1
1419,-3.1362863,6.0822673,2
1420,-1.4000869,6.019011,2
1421,12.29369,7.8833475,1
1422,-5.1423764,6.582948,2
1423,-3.2100186,4.4708123,2
1424,-2.7582378,7.9518003,2
1425,-2.9487567,3.4811409,2
1426,0.29450333,5.2945657,2
1427,-3.6777263,5.782832,2
1428,-0.84577304,5.45748,2
1429,-4.41722,3.1509562,2
1430,-0.47386315,-4.879194,4
1431,0.82574445,4.341145,2
1432,2.7832737,-6.8925047,3
1433,0.13093269,1.8602407,-1
1434,-3.8801956,2.4113567,2
1435,-1.1118034,6.1460276,2
1436,-2.7288523,7.931854,2
1437,1.4246287,-3.0560088,3
1438,0.09056129,5.332172,2
1439,-4.490249,6.704507,2
1440,-3.7199473,1.5426762,2
1441,0.5792641,5.267519,2
1442,-3.849569,5.6593513,2
1443,-0.16896282,4.628924,2
1444,-0.32537252,0.79860365,6
1445,1.8170341,-5.3033204,3
1446,-2.5360951,7.842373,2
1447,-1.0197531,-0.015653566,6
1448,-0.77190363,6.4821177,2
1449,12.660743,8.014349,1
1450,-0.51336414,-5.2732825,4
1451,1.1497307,-3.252402,3
1452,1.0862519,-4.5377293,3
1453,0.7594381,-6.3264656,3
1454,12.563835,8.26437,1
1455,-4.740207,5.68356,2
1456,-2.6921265,7.9839606,2
1457,-3.168735,7.835424,2
1458,-0.77794266,5.5335174,2
1459,-4.2621555,7.1211486,2
1460,0.9870887,1.7877079,5
1461,-0.2793407,3.7643654,2
1462,-5.043673,5.0675774,2
1463,-1.6573976,3.6525133,2
1464,0.68302214,-5.292642,3
1465,1.7197096,-5.1857576,3
1466,0.808308,4.811617,2
1467,-3.4868205,4.8542194,2
1468,1.4361115,-4.5497894,3
1469,1.9939661,-4.416899,3
1470,1.8967525,-5.0371046,3
1471,1.3285042,-3.0485384,3
1472,-3.3933995,5.4025416,2
1473,0.75434065,1.514306,5
1474,-1.9557533,3.3164167,2
1475,-2.5405364,8.118002,2
1476,-5.037681,4.6159205,2
1477,-1.6686912,6.730773,2
1478,12.464057,8.485193,1
1479,-1.6505342,5.60836,2
1480,-0.91266614,6.2205057,2
1481,1.1542478,-2.8739808,3
1482,1.6144009,-5.832826,3
1483,-2.8110745,4.6078935,2
1484,-0.34072268,-5.00533,4
1485,2.2917178,-6.4378133,3
1486,-4.289662,6.617444,2
1487,-4.5185738,5.2021074,2
1488,1.8387816,-5.733324,3
1489,-0.8064966,5.5543866,2
1490,1.0870495,-5.6066165,3
1491,-3.7791305,5.8703885,2
1492,-0.5897762,5.2976813,2
1493,-2.2543576,4.1708655,2
1494,-3.566292,3.1005821,2
1495,-1.945643,4.079119,2
1496,-1.9511911,4.410937,2
1497,-0.68528014,5.4374585,2
1498,11.752234,7.9276094,1
1499,-1.8463897,4.409014,2
1500,-1.1831789,4.45719,2
1501,-4.88173,3.9089627,2
1502,-3.107991,7.6291685,2
1503,-0.6399114,3.959893,2
1504,-4.62761,5.3240323,2
1505,1.063527,-6.3528986,3
1506,0.6517494,-5.437262,3
1507,-2.039389,3.1028306,2
1508,-1.9872366,3.0973597,2
1509,-0.7403617,0.61456513,6
1510,-1.7866995,5.9497337,2
1511,1.6029539,-6.9719925,3
1512,-3.0142164,7.619426,2
1513,-0.94715875,6.6770678,2
1514,2.7307673,-6.982931,3
1515,1.1041363,-3.2139258,3
1516,-1.8411343,6.6306586,2
1517,-2.7572045,8.000659,2
1518,-1.3341506,5.1819844,2
1519,2.4429674,-5.0821066,3
1520,-3.8519099,6.40878,2
1521,-3.1089506,3.4385676,2
1522,1.1862063,-5.9628325,3
1523,-2.952748,3.4589112,2
1524,-2.8527458,5.106597,2
1525,-2.8343158,4.2156396,2
1526,-5.0625587,5.8008084,2
1527,-2.7155678,3.7038088,2
1528,-4.9133873,5.357758,2
1529,-2.3139474,3.2228296,2
1530,0.771159,-5.107091,3
1531,1.104798,-3.4929454,3
1532,0.26339662,4.789721,2
1533,-3.0111716,3.293288,2
1534,-1.4633592,4.306516,2
1535,-2.1188931,5.5989466,2
1536,-2.3454165,4.0992436,2
1537,-1.9501537,4.543175,2
1538,1.3188109,-3.1676443,3
1539,0.5818854,-5.328753,3
1540,-3.9318607,5.702547,2
1541,-1.055324,5.2557354,2
1542,-2.8826015,4.469475,2
1543,0.7609721,-5.4672585,3
1544,0.5449261,4.5696206,2
1545,-1.4736542,4.0099416,2
1546,2.5122397,-5.143557,3
1547,-0.028388085,4.2301726,2
1548,-3.8996274,2.3511052,2
1549,-0.22840375,-5.139854,4
1550,12.033025,8.352732,1
1551,0.93226177,-6.1743894,3
1552,-3.2341611,5.4804196,2
1553,0.92817783,-5.553658,3
1554,2.2781863,-4.303509,3
1555,-2.139151,5.134153,2
1556,-2.4777124,6.007492,2
1557,-3.1503012,4.617778,2
1558,-4.581096,3.8052027,2
1559,10.664078,9.445441,0
1560,-5.2589297,5.661989,2
1561,-5.3663816,5.096966,2
1562,-4.230704,5.2528715,2
1563,2.0676913,-6.3721876,3
1564,0.038795367,1.7528336,-1
1565,11.825466,8.454857,1
1566,2.03863,-5.033525,3
1567,-1.7852584,3.8404233,2
1568,-4.3329964,2.3169193,2
1569,-0.31057543,0.536962,6
1570,-3.3921356,4.3386054,2
1571,-2.404601,7.6277485,2
1572,-0.12340768,4.358488,2
1573,-4.829833,3.9428084,2
1574,-2.1857257,5.335204,2
1575,-2.5906904,5.466172,2
1576,-1.0096496,5.031826,2
1577,-4.3246064,6.194761,2
1578,0.7454694,-4.7198358,3
1579,-3.4754615,6.1851764,2
1580,0.7851948,-6.2015305,3
1581,10.660638,9.446262,0
1582,-3.6403937,4.412319,2
1583,2.3312936,-6.8552613,3
1584,-1.969625,5.159908,2
1585,-0.38244078,-5.481068,4
1586,-2.6711571,7.5644174,2
1587,1.1753716,4.6055245,2
1588,0.6227514,5.301341,2
1589,-5.039993,6.9856653,2
1590,-4.8930473,3.9718056,2
1591,12.384198,7.900822,1
1592,0.017001078,4.112671,2
1593,-4.5044312,2.911058,2
1594,1.3717568,-6.1958117,3
1595,-1.1572973,4.1987567,2
1596,1.162322,-6.4236126,3
1597,-4.7349195,4.262842,2
1598,12.392958,7.9813023,1
1599,-5.2565293,4.899696,2
1600,-4.7384825,5.487738,2
1601,12.157925,7.8055367,1
1602,12.438434,8.080737,1
1603,-3.2091758,6.2076173,2
1604,-5.3690376,4.3802695,2
1605,-0.5616039,-5.2219477,4
1606,0.47593457,5.501748,2
1607,-0.5412787,-5.235429,4
1608,-3.6846788,5.5856366,2
1609,1.7378564,-4.314761,3
1610,-4.503914,7.3076854,2
1611,-3.2843456,6.661125,2
1612,-0.5439346,4.966042,2
1613,-4.402684,2.5668902,2
1614,-2.1866071,6.4573693,2
1615,0.0048013288,0.6707854,6
1616,0.6846497,-4.67401,3
1617,1.6944208,-3.2200296,3
1618,-4.468723,4.67843,2
1619,-0.48869848,6.4129753,2
1620,-0.6342954,0.81105405,6
1621,-0.30637485,0.11773981,6
1622,-5.392685,5.491626,2
1623,-2.0440032,5.0640874,2
1624,-5.3703637,5.3859878,2
1625,-4.861085,7.247919,2
1626,-0.35805187,0.6694475,6
1627,-0.23950063,-5.1240225,4
1628,-3.3543065,6.353357,2
1629,-0.5586646,0.05913054,6
1630,-1.5377662,5.7374916,2
1631,-3.8190775,5.702054,2
1632,-2.7012603,3.880471,2
1633,0.83683014,-6.024274,3
1634,-1.056483,5.471397,2
1635,-2.2173846,3.9929962,2
1636,2.3314862,-5.2365613,3
1637,-5.1953783,5.1667643,2
1638,-1.7071642,7.3238277,2
1639,2.560176,-5.7290535,3
1640,-2.59746,5.340575,2
1641,-3.8130364,2.5115418,2
1642,1.3606247,-3.6361504,3
1643,-2.1255076,4.991373,2
1644,0.71184427,4.9659376,2
1645,2.08156,-4.4487753,3
1646,1.7841909,-4.3767204,3
1647,-3.0042107,4.649655,2
1648,1.9354645,-4.386233,3
1649,2.5091105,-5.6064224,3
1650,-1.9493799,3.1531212,2
1651,1.3743199,-5.3909383,3
1652,-3.8359761,5.810009,2
1653,-1.9099754,5.9366813,2
1654,-4.417128,2.79154,2
1655,1.985877,-5.2776275,3
1656,2.266556,-5.0523753,3
1657,-1.2014877,6.2424507,2
1658,-1.9706916,4.979536,2
1659,1.3576623,-2.7919462,3
1660,1.1081104,4.7213902,2
1661,0.14557335,5.7599506,2
1662,-3.7907832,1.5076534,2
1663,1.0403196,-5.154953,3
1664,1.4985278,-4.824706,3
1665,-4.1669235,6.253065,2
1666,2.3029466,-6.344796,3
1667,1.4730288,-4.6945643,3
1668,-4.295559,2.610087,2
1669,-0.30975497,0.50673187,6
1670,-0.29515064,0.57312584,6
1671,-2.6390967,4.7049537,2
1672,1.3566309,4.677774,2
1673,0.9653761,4.5158796,2
1674,2.0199485,-5.0406504,3
1675,-3.7911184,6.555454,2
1676,-2.885422,4.8638635,2
1677,-4.204333,4.070484,2
1678,-4.79995,5.5012884,2
1679,-0.4305472,-5.4065,4
1680,2.5792584,-7.0705557,3
1681,-1.7193906,4.9433055,2
1682,-0.5165263,-5.270025,4
1683,-2.6011543,3.9064417,2
1684,-3.2752376,3.3849664,2
1685,2.6634178,-7.05716,3
1686,-1.3022356,5.9098344,2
1687,-0.38582706,6.6008086,2
1688,2.7128975,-6.7819276,3
1689,-3.9224286,6.957246,2
1690,0.85328245,-4.3076077,3
1691,1.3965352,-5.8247757,3
1692,0.9194599,-6.1535,3
1693,-1.557634,6.730833,2
1694,12.240787,7.917032,1
1695,1.7797678,-4.347509,3
1696,0.7346387,4.9837823,2
1697,0.9231587,1.8100543,5
1698,-3.7108588,1.5818917,2
1699,-3.2032614,3.6481998,2
1700,1.5081719,-6.120488,3
1701,0.99070424,-4.7900786,3
1702,1.2671235,-3.0696373,3
1703,1.9642338,-4.913584,3
1704,0.58908886,-3.21826,3
1705,0.7032055,5.4592085,2
1706,-3.0792851,5.257811,2
1707,0.81722724,1.5085622,5
1708,-3.5162377,5.2810783,2
1709,-0.9993044,0.12653352,6
1710,-2.123766,4.163083,2
1711,0.943554,-5.9161944,3
1712,-4.637324,3.4288454,2
1713,10.654102,9.458449,0
1714,12.313759,7.836187,1
1715,-3.7943702,1.6687595,2
1716,2.6256347,-5.63904,3
1717,-3.7661319,6.108054,2
1718,1.4157087,4.699537,2
1719,-0.81466377,6.2356176,2
1720,-1.0812278,5.6426682,2
1721,-2.8846934,4.926629,2
1722,-1.8284736,5.7255673,2
1723,-2.4625323,8.0128145,2
1724,0.25990835,5.7231536,2
1725,-0.6850351,6.5930557,2
1726,-4.3423414,2.7490842,2
1727,-4.6566505,3.582138,2
1728,-0.3662456,4.0600114,2
1729,-2.7118764,3.6528704,2
1730,-2.5140758,4.232257,2
1731,1.1086545,4.678808,2
1732,12.069577,7.73522,1
1733,1.189159,-3.0701456,3
1734,1.1331807,-3.0297463,3
1735,-4.1445017,5.2123523,2
1736,11.915852,7.7022853,1
1737,-0.92114675,6.14211,2
1738,1.602993,-3.048721,3
1739,-1.4180467,5.6702557,2
1740,1.7317097,-2.9869697,3
1741,-0.72136086,5.476999,2
1742,-4.48615,4.92845,2
1743,-3.966658,5.811883,2
1744,2.030685,-4.1160994,3
1745,-5.2481866,5.804734,2
1746,-3.3772843,6.0813255,2
1747,-3.4598758,6.15892,2
1748,-0.29783714,4.19824,2
1749,-4.5754046,5.247713,2
1750,-0.014243099,5.1341043,2
1751,-4.839725,4.1241136,2
1752,-0.6140128,-5.1894903,4
1753,-3.4737,5.3657556,2
1754,1.575318,-6.05489,3
1755,-2.781372,3.2485874,2
1756,0.107748464,5.0142293,2
1757,0.70063466,-5.6203785,3
1758,-3.8993623,6.476967,2
1759,-3.4768624,6.0877028,2
1760,-3.4074445,3.8865564,2
1761,-3.767425,2.4328246,2
1762,-4.183516,6.5393095,2
1763,-3.7476168,5.5196457,2
1764,-1.1227006,0.2449528,6
1765,-2.5856948,4.526254,2
1766,1.119638,-3.1032138,3
1767,-1.0940783,4.442954,2
1768,-4.723367,5.2448864,2
1769,-1.308243,5.589761,2
1770,-1.9867412,5.0616055,2
1771,-2.5303822,4.6445804,2
1772,-3.1644084,5.9659505,2
1773,-2.587478,3.8819776,2
1774,-0.72509104,4.1323705,2
1775,-3.5166755,4.8506107,2
1776,1.1432227,-4.4405327,3
1777,0.94185644,-5.6703863,3
1778,-0.6057178,4.1937633,2
1779,-1.7180853,4.492864,2
1780,-2.7474196,4.1256003,2
1781,-3.1886327,3.215849,2
1782,-5.0561495,5.242805,2
1783,-4.6045785,4.4743295,2
1784,-0.29302594,0.07105888,6
1785,-0.67015576,5.119491,2
1786,2.17604,-5.4021797,3
1787,1.6798275,-4.4011602,3
1788,-0.81467813,3.7695205,2
1789,-0.57463527,-5.2616525,4
1790,0.5735931,5.612062,2
1791,-1.933009,3.2795281,2
1792,-4.651715,3.9943628,2
1793,-5.0918245,6.7647543,2
1794,-1.3884869,6.592107,2
1795,-2.5940542,4.4080787,2
1796,-3.1177948,3.1396194,2
1797,1.3889731,4.475812,2
1798,-0.9270866,2.8616514,2
1799,2.0016444,-5.885196,3
1800,-2.4528701,7.5816064,2
1801,1.9772855,-6.7511168,3
1802,1.0631505,4.1636147,2
1803,-0.7723293,-0.15284057,6
1804,1.0508333,1.708783,5
1805,-3.130265,6.5270247,2
1806,2.547735,-5.1025724,3
1807,-4.3402605,7.1153684,2
1808,1.0708838,-4.6648717,3
1809,-0.46179208,0.9820669,6
1810,1.3085874,4.3069005,2
1811,-3.7106144,5.99905,2
1812,-3.8424587,2.4377723,2
1813,12.367878,7.519782,1
1814,-2.14741,5.853147,2
1815,-0.5470918,6.259207,2
1816,-4.215553,2.1644466,2
1817,-1.0007646,4.2104945,2
1818,-1.5810786,5.865754,2
1819,-3.9542806,2.4230015,2
1820,-0.42243785,4.224,2
1821,1.6727606,-5.2267385,3
1822,-3.3995311,4.5309143,2
1823,0.58314615,4.249575,2
1824,-2.3358471,3.7160108,2
1825,1.1975269,-3.076665,3
1826,-0.54273075,0.0851767,6
1827,-4.9384074,5.3426623,2
1828,-2.3635142,4.9133506,2
1829,-4.5971303,7.10328,2
1830,-0.74038386,0.71605843,6
1831,1.1754292,4.6284456,2
1832,-2.9118025,5.4423027,2
1833,-3.666284,1.3982719,2
1834,-0.9692405,0.058152918,6
1835,10.625654,9.490392,0
1836,-1.4623717,4.9316664,2
1837,1.2978239,-3.1906872,3
1838,0.88223207,4.5225163,2
1839,-2.8204532,3.1930876,2
1840,-5.060239,6.7770705,2
1841,-0.47509474,6.426467,2
1842,2.2939553,-6.6913676,3
1843,1.2159042,-3.058571,3
1844,-2.5508194,3.8730135,2
1845,-1.2194477,0.27398193,6
1846,2.8294814,-7.11047,3
1847,-4.221197,7.1071377,2
1848,-4.8921123,7.016894,2
1849,-4.2538543,4.7282724,2
1850,-2.4506714,7.565118,2
1851,0.7690332,4.020433,2
1852,-4.0701876,5.6311455,2
1853,12.029553,7.6915827,1
1854,1.956197,-4.9867926,3
1855,-2.2562897,4.454747,2
1856,2.020588,-4.256544,3
1857,0.99366945,-6.01416,3
1858,-5.2294555,6.6551304,2
1859,-1.6785785,6.6212254,2
1860,12.352731,7.7108674,1
1861,11.790195,8.0082035,1
1862,11.844704,7.9575567,1
1863,-2.7758374,5.909998,2
1864,12.091899,7.520961,1
1865,2.4915771,-5.450548,3
1866,-3.3982298,6.1347837,2
1867,-0.4711878,-0.56103045,6
1868,-0.34118685,-4.630761,4
1869,-0.37016588,0.20861886,6
1870,-3.9445043,5.15467,2
1871,-5.1703916,5.371245,2
1872,2.077081,-6.641884,3
1873,12.338925,8.209998,1
1874,-1.6398998,6.626261,2
1875,-5.0279064,4.9666057,2
1876,11.968874,8.33087,1
1877,-3.124521,5.698451,2
1878,-4.8291283,6.082612,2
1879,2.6598008,-7.196379,3
1880,-4.775712,5.835705,2
1881,-3.2073634,7.280972,2
1882,-3.2542412,6.1270213,2
1883,-0.4274532,-5.109411,4
1884,2.1244667,-4.319435,3
1885,-0.71691453,6.2919745,2
1886,1.3105057,-2.893456,3
1887,-1.0357426,1.2256173,-1
1888,-4.502714,5.0933056,2
1889,-4.3372517,5.2966886,2
1890,-0.94587713,5.546353,2
1891,2.5230927,-5.974916,3
1892,0.916431,-6.4678173,3
1893,1.4617714,-3.8460884,3
1894,-0.10464736,0.2795017,6
1895,-1.4698169,6.504252,2
1896,0.79224,1.5136445,5
1897,2.1417499,-6.45777,3
1898,-1.0436851,0.021214914,6
1899,-2.7527869,3.9372594,2
1900,-2.4256196,3.214885,2
1901,2.7701416,-7.1296577,3
1902,0.9667504,4.0021944,2
1903,0.77066547,-5.0938272,3
1904,0.8825177,-6.2328434,3
1905,-2.2592196,5.973775,2
1906,1.0960639,-5.785782,3
1907,-3.119387,6.4022737,2
1908,-3.1672232,7.439521,2
1909,-3.3605635,4.2820907,2
1910,-0.7538823,0.20092838,6
1911,2.138558,-4.909251,3
1912,1.8206657,-5.7166843,3
1913,-3.3053102,6.318847,2
1914,-0.3900937,0.7388678,6
1915,12.579507,8.279125,1
1916,-2.3953028,5.984938,2
1917,-0.008904903,0.7744274,6
1918,10.656281,9.4638195,0
1919,-4.0278673,6.209933,2
1920,0.9907165,-6.3634276,3
1921,-3.093705,5.140103,2
1922,2.397027,-5.287805,3
1923,-3.5490074,1.896214,2
1924,-5.155261,4.059559,2
1925,-5.215794,6.707712,2
1926,2.3570688,-4.954526,3
1927,-4.3689284,2.6423535,2
1928,-4.021373,5.2481623,2
1929,-2.9900773,3.3664334,2
1930,0.6568997,-5.4734898,3
1931,-1.4126341,6.7263856,2
1932,0.7857156,-5.254729,3
1933,1.6781074,-7.0341883,3
1934,1.6596243,-7.0097017,3
1935,-3.3139403,7.1310143,2
1936,0.89583814,1.7074736,5
1937,1.9529334,-6.3218746,3
1938,-3.8173325,6.1545095,2
1939,-2.971646,5.119087,2
1940,-1.3429681,6.1050696,2
1941,0.005314718,0.73257655,6
1942,0.95444703,-5.5071917,3
1943,-2.9324973,4.537723,2
1944,-1.5813296,6.141945,2
1945,0.9064882,-6.36143,3
1946,-0.4713227,0.080314755,6
1947,1.2834173,-4.5345163,3
1948,1.9576502,-4.4988,3
1949,-0.13168535,0.8084515,6
1950,1.0319778,-6.3701477,3
1951,-4.4634233,6.9618726,2
1952,2.2485583,-5.517748,3
1953,-4.0949397,5.0285773,2
1954,-0.43739063,-0.17665707,6
1955,-4.157934,4.957687,2
1956,-4.7159348,5.1789436,2
1957,2.1985667,-4.346947,3
1958,1.4640588,-5.738702,3
1959,-0.90578413,5.4863048,2
1960,-4.5471587,5.334376,2
1961,-4.0790334,1.9516993,2
1962,0.7943636,4.068218,2
1963,-4.220774,5.3963637,2
1964,-3.846236,2.2388928,2
1965,-1.4427935,6.852597,2
1966,-2.91594,6.4421315,2
1967,0.54119295,5.7808666,2
1968,1.0948498,4.2973037,2
1969,-3.4808311,3.3017337,2
1970,-0.094728895,4.845485,2
1971,1.3958089,-5.1937704,3
1972,-0.2095855,0.12839025,6
1973,-2.9153247,5.493224,2
1974,-4.2606387,5.7868977,2
1975,12.516774,8.449859,1
1976,-4.2163215,5.643944,2
1977,-4.2315874,5.6494236,2
1978,-4.5677404,7.106767,2
1979,-4.4797087,4.0773177,2
1980,1.192345,-4.5743804,3
1981,-5.467701,4.857319,2
1982,-4.5222754,4.5951552,2
1983,0.3713561,4.293416,2
1984,2.329083,-6.7967963,3
1985,-5.050399,3.8871608,2
1986,-3.927019,6.9750924,2
1987,-2.4244785,4.6359706,2
1988,-4.500379,2.8048615,2
1989,-4.9498935,4.9788117,2
1990,-2.4463863,4.930843,2
1991,0.06875312,5.393319,2
1992,-3.4436767,4.5016413,2
1993,0.0374038,0.7317148,6
1994,-4.307415,2.672079,2
1995,1.7591388,-4.336327,3
1996,-3.0923889,6.684823,2
1997,-2.002487,4.7525964,2
1998,-0.20614019,5.2704186,2
1999,-2.1826196,3.9921749,2
2000,2.6431344,-5.7035747,3
2001,-5.0374436,5.956331,2
2002,1.4035321,-5.961933,3
2003,-2.9773505,7.881334,2
2004,-4.6971846,5.2834935,2
2005,-2.9519358,7.887887,2
2006,0.9714586,4.677876,2
2007,-2.5314612,4.072343,2
2008,-0.18203264,4.089787,2
2009,1.2500145,-5.445368,3
2010,-4.88464,5.089711,2
2011,-4.6509495,3.9818945,2
2012,0.2218049,4.3415837,2
2013,1.2242078,-3.039378,3
2014,-0.3164459,-5.2326794,4
2015,-2.4442506,4.600891,2
2016,-3.9764535,2.7947702,2
2017,0.89755267,1.7017144,5
2018,0.096871,4.4751387,2
2019,-0.46891424,-5.1975284,4
2020,-3.811186,4.9153533,2
2021,1.2215403,-3.0853162,3
2022,-2.2958527,3.1377459,2
2023,1.8586875,-4.697567,3
2024,1.389897,-3.0422115,3
2025,-2.8376162,8.022072,2
2026,12.524833,8.227164,1
2027,1.0542992,-3.5588756,3
2028,-3.4267292,5.146159,2
2029,0.7599008,4.207871,2
2030,-2.2957027,7.4126945,2
2031,-4.124083,4.996603,2
2032,-2.855791,4.5265665,2
2033,-4.733577,6.411351,2
2034,0.11866275,0.7893947,6
2035,0.6902801,4.0796213,2
2036,-3.430898,7.1828732,2
2037,2.0791316,-4.870925,3
2038,-1.2321914,4.889146,2
2039,-3.71061,1.5354367,2
2040,-4.320274,3.056855,2
2041,11.880768,8.268768,1
2042,-2.6243606,5.2313924,2
2043,-2.7656293,3.6850913,2
2044,-2.357897,4.0229363,2
2045,2.8586419,-6.9109826,3
2046,-4.0766773,5.1645036,2
2047,-2.5543876,3.3269408,2
2048,12.633082,7.855487,1
2049,-3.505954,2.9936867,2
2050,0.6584334,5.294523,2
2051,1.9269207,-4.3188567,3
2052,0.75823176,4.245626,2
2053,-1.3299181,4.101481,2
2054,1.572281,-3.0651512,3
2055,2.4488132,-6.4018493,3
2056,-0.6802304,0.63201946,6
2057,11.825653,8.132554,1
2058,-5.1073256,4.305927,2
2059,-0.54286194,6.2026606,2
2060,1.2616066,-2.8994772,3
2061,0.9968036,1.5442291,5
2062,-0.5378693,6.41518,2
2063,-5.2923975,5.260218,2
2064,-5.311287,5.370509,2
2065,-4.4026403,2.4633946,2
2066,-1.0082046,-0.06897734,6
2067,-0.7829718,5.622375,2
2068,11.953303,8.417422,1
2069,11.810954,8.079564,1
2070,-2.778992,7.9352493,2
2071,12.339218,7.903063,1
2072,-2.1012201,4.8099523,2
2073,-0.59139526,-0.48063692,6
2074,-0.03251013,4.503544,2
2075,-2.6340132,7.3500643,2
2076,-5.0805173,6.57715,2
2077,0.87065446,1.8350458,5
2078,-0.72147715,4.0465117,2
2079,12.28617,7.897393,1
2080,-0.7755753,0.08939215,6
2081,-3.379939,3.366635,2
2082,-1.9874806,6.578884,2
2083,-2.8193307,7.689984,2
2084,-0.58972234,6.354787,2
2085,0.21646461,4.7682757,2
2086,0.90853626,-5.4987283,3
2087,-2.3687334,3.7660637,2
2088,-3.5878663,5.2752786,2
2089,-3.7392867,7.0283136,2
2090,-3.1922195,6.338063,2
2091,1.0297842,-5.768363,3
2092,-1.5113695,6.590094,2
2093,-2.4133835,4.016343,2
2094,2.02969,-5.6354766,3
2095,0.7962706,3.9901247,2
2096,-4.45065,7.2839074,2
2097,0.8009753,-3.202281,3
2098,-4.987104,5.591585,2
2099,-0.33660275,-5.5887613,4
2100,-5.157878,5.7636,2
2101,-3.8290052,2.2578363,2
2102,-2.543951,7.415145,2
2103,12.047609,7.53224,1
2104,1.528508,-3.9598691,3
2105,1.2889184,-4.7347383,3
2106,-0.46262068,4.251247,2
2107,-3.2293768,6.1316247,2
2108,-4.165863,2.7063813,2
2109,-3.0677357,4.9897795,2
2110,-0.3879847,4.497097,2
2111,12.039851,8.347934,1
2112,2.7185884,-6.972254,3
2113,11.94711,8.302942,1
2114,-0.87177306,4.148742,2
2115,-1.8632494,3.9618194,2
2116,-4.2241254,4.8575897,2
2117,-2.4108632,5.044592,2
2118,-4.409469,2.6216977,2
2119,-0.9886365,5.365132,2
2120,-2.5858624,8.076169,2
2121,0.97157276,-6.3437304,3
2122,-3.1924524,3.911002,2
2123,-5.200232,4.0193367,2
2124,-4.130191,6.9745426,2
2125,1.8407034,-4.4030943,3
2126,-5.1587257,6.6589427,2
2127,1.8732679,-4.769038,3
2128,-0.22280717,-5.3591876,4
2129,-2.8386164,4.554071,2
2130,-4.528338,3.7732701,2
2131,11.695168,7.836313,1
2132,0.3149578,5.160402,2
2133,11.946935,8.025333,1
2134,-3.686251,6.5455422,2
2135,-0.13175668,4.0588636,2
2136,-3.2873404,6.6385536,2
2137,0.9737288,4.4751873,2
2138,-4.774874,6.4730344,2
2139,0.57952887,-3.1410646,3
2140,2.1364326,-6.542658,3
2141,-2.2803383,4.004869,2
2142,-1.3809481,4.6379585,2
2143,-4.565967,6.9214954,2
2144,0.8988896,4.653414,2
2145,1.2905365,-6.637902,3
2146,-2.893241,5.3063602,2
2147,-3.5582137,4.9583187,2
2148,1.0385054,-5.7974916,3
2149,-3.8605387,7.1432905,2
2150,-3.0140188,3.4852102,2
2151,0.87903535,1.90017,5
2152,2.6874661,-6.9279475,3
2153,-0.02545661,0.28133178,6
2154,-2.1925924,7.7284203,2
2155,-1.1417168,5.8810463,2
2156,-4.674747,6.874389,2
2157,0.5676467,-3.3222086,3
2158,0.95140225,1.772368,5
2159,-3.174759,4.316485,2
2160,2.4006207,-6.218733,3
2161,-1.1417727,7.4589496,2
2162,0.81977826,1.5613863,5
2163,1.0053135,1.7863451,5
2164,1.0473008,1.4967251,5
2165,0.59530914,5.652752,2
2166,1.1735228,-5.5751166,3
2167,-5.2352123,5.4714437,2
2168,-1.322909,7.5678363,2
2169,1.1443665,-3.030537,3
2170,-2.056966,4.878034,2
2171,-5.4326224,5.5523047,2
2172,-0.867046,4.1441054,2
2173,-0.9338637,6.1895437,2
2174,-4.5578055,6.43677,2
2175,1.1925117,-6.5074506,3
2176,-2.6765046,5.2827764,2
2177,-4.620272,4.4910955,2
2178,-2.7125008,3.231504,2
2179,0.51563096,-4.936335,3
2180,-1.3273602,5.081315,2
2181,1.1944373,-3.0032299,3
2182,0.98254985,1.837565,5
2183,12.1584635,8.226985,1
2184,-5.118927,6.320852,2
2185,-2.9985738,5.2816353,2
2186,-0.5881294,5.7575912,2
2187,-0.7154381,6.120122,2
2188,-0.56003034,-5.3271074,4
2189,-0.4789236,-5.2254333,4
2190,1.2049352,-2.8932295,3
2191,12.217909,7.900082,1
2192,-2.748336,4.633148,2
2193,10.630072,9.478855,0
2194,-2.377943,3.7934358,2
2195,-3.6819842,6.119285,2
2196,-3.3173463,3.2694247,2
2197,-2.1143422,3.8759315,2
2198,-4.385721,2.8125181,2
2199,0.71638906,1.4609009,5
2200,-4.080903,4.9288836,2
2201,-5.027314,4.565371,2
2202,-1.8550488,5.039743,2
2203,2.191102,-6.5834856,3
2204,2.7091455,-6.9972486,3
2205,1.27381,4.614814,2
2206,1.2869216,-4.5411267,3
2207,0.0019722108,4.2173653,2
2208,-4.6039233,4.4352894,2
2209,1.954824,-6.2397523,3
2210,12.666479,7.730358,1
2211,1.3838421,-2.953235,3
2212,1.0029367,-5.6674995,3
2213,2.1105576,-6.493734,3
2214,1.6964777,-5.0548434,3
2215,-0.39029256,0.629137,6
2216,2.7723129,-7.1377487,3
2217,-2.0739152,4.508483,2
2218,-2.4574778,3.4014833,2
2219,1.776621,-3.154519,3
2220,1.2647592,-3.2983959,3
2221,-2.8622174,5.764658,2
2222,1.8466294,-4.308715,3
2223,1.5208232,-5.0879054,3
2224,-1.091794,7.0622263,2
2225,0.86253065,-5.524143,3
2226,-2.9933684,3.3664684,2
2227,-4.8957443,4.0233765,2
2228,-1.0499128,6.7100887,2
2229,-1.5787824,3.6977885,2
2230,-2.2353382,4.3092713,2
2231,-4.011363,6.4903235,2
2232,0.06609814,0.9099369,6
2233,-1.8651366,5.060396,2
2234,-4.16461,7.050616,2
2235,0.8506767,-4.3842306,3
2236,2.250089,-5.1002235,3
2237,0.23724759,5.280529,2
2238,-1.763252,5.8551373,2
2239,-4.391563,6.111666,2
2240,-4.425225,7.366757,2
2241,-2.52064,8.030749,2
2242,2.121778,-6.519537,3
2243,12.580783,7.529501,1
2244,-4.52011,5.2084355,2
2245,0.10752919,4.355305,2
2246,-3.381352,7.1243773,2
2247,2.2745965,-4.579178,3
2248,0.19768673,5.1120605,2
2249,1.2352557,-3.2005172,3
2250,-4.344322,5.8135023,2
2251,-5.0645657,5.8883753,2
2252,-1.6846528,6.171547,2
2253,-0.84162194,5.291627,2
2254,1.3691195,-5.7271395,3
2255,-4.667746,6.707457,2
2256,-0.33545512,6.0753636,2
2257,1.8248286,-4.9542336,3
2258,1.0057462,1.8000923,5
2259,-4.4114428,4.6193867,2
2260,-1.9496409,5.4427657,2
2261,-1.6163796,6.5073504,2
2262,-2.0995805,3.5535433,2
2263,-4.6206427,6.806527,2
2264,-1.765253,5.438715,2
2265,-5.0566244,4.0311694,2
2266,-1.9852214,5.1541433,2
2267,-3.6231985,4.1565943,2
2268,-0.9579402,-0.08435644,6
2269,-5.2149205,4.2028046,2
2270,2.5980594,-5.6402445,3
2271,1.6432216,-4.3725553,3
2272,0.7124937,2.0583577,5
2273,2.4097385,-5.9480658,3
2274,-3.2977836,3.3148715,2
2275,-0.34580734,5.9903135,2
2276,-3.1765513,3.4379573,2
2277,-2.5821745,7.9170523,2
2278,1.3560531,-2.8019605,3
2279,0.14159672,4.0880117,2
2280,-0.49117854,4.5741925,2
2281,1.5029007,4.4681354,2
2282,12.63056,7.5900145,1
2283,-5.3276258,5.2995653,2
2284,1.3420287,-4.6508408,3
2285,-3.359224,5.162569,2
2286,-0.68418217,6.0834455,2
2287,-3.247098,4.862134,2
2288,-3.8376405,1.9944026,2
2289,0.77257305,4.2149873,2
2290,-1.3714767,3.9985163,2
2291,-4.347583,4.1886187,2
2292,-0.3449842,6.138595,2
2293,12.666884,7.5184684,1
2294,-0.40513325,5.5224648,2
2295,-3.3439884,3.2683284,2
2296,-5.1531825,4.7362585,2
2297,-4.9930134,4.5389247,2
2298,-0.13555121,-4.9448624,4
2299,-1.8359464,5.5980425,2
2300,-4.746,4.8022313,2
2301,-0.1681858,5.016076,2
2302,12.455066,7.8658786,1
2303,-0.43520144,0.5006497,6
2304,-4.5481935,3.5863693,2
2305,-0.6822911,6.6685634,2
2306,-0.7383398,5.142063,2
2307,-4.0871863,6.7202845,2
2308,-0.8064238,0.21231021,6
2309,1.1668857,4.4753957,2
2310,1.1742439,-3.2004516,3
2311,-3.2399318,3.231632,2
2312,-0.09951947,5.4474964,2
2313,-2.83283,3.905246,2
2314,1.8039116,-3.1792157,3
2315,2.2033098,-6.1181526,3
2316,-3.214727,4.938049,2
2317,-0.7361089,0.21645853,6
2318,12.014342,8.393839,1
2319,-4.5767727,4.8807187,2
2320,-1.3484564,3.7608867,2
2321,0.6227512,5.657063,2
2322,-3.5695148,5.4306235,2
2323,0.5988162,4.712295,2
2324,-4.5804276,3.1046152,2
2325,-4.298025,5.933905,2
2326,-2.351316,3.2315333,2
2327,-2.9210231,3.5771983,2
2328,-3.6821206,1.4269551,2
2329,-0.0014048554,4.882438,2
2330,2.7929955,-7.0410385,3
2331,2.4959528,-6.4278283,3
2332,0.56593496,5.6014366,2
2333,-3.3075602,6.162221,2
2334,0.8914669,4.892317,2
2335,-1.2552848,4.6047583,2
2336,11.986975,8.329076,1
2337,-2.3767653,5.9378867,2
2338,2.229012,-4.968372,3
2339,-2.474164,3.325604,2
2340,2.2310755,-5.149533,3
2341,0.2870267,4.101704,2
2342,-3.7159078,6.080434,2
2343,-0.9726436,6.601163,2
2344,-4.1946487,6.734136,2
2345,-1.7331039,6.578036,2
2346,-1.7247897,6.6405644,2
2347,1.8611315,-3.4820473,3
2348,0.9909617,-5.207891,3
2349,0.0855005,5.7943835,2
2350,1.3299403,-3.0188258,3
2351,0.17044029,5.7979293,2
2352,-2.3585598,3.2000499,2
2353,-1.4044163,3.9340005,2
2354,0.17443009,5.8297987,2
2355,1.7498335,-5.486629,3
2356,-2.1793914,6.610561,2
2357,0.17875832,4.7685843,2
2358,1.8015792,-5.68315,3
2359,12.02561,8.30627,1
2360,-5.0362573,5.5797467,2
2361,1.0345814,4.0529046,2
2362,-4.9786797,5.7232904,2
2363,-2.6860282,5.877314,2
2364,-4.453416,2.4469857,2
2365,0.2737876,-5.030521,3
2366,-5.2941847,5.675472,2
2367,-3.8512998,2.2611558,2
2368,1.2884139,4.34476,2
2369,-5.1033154,5.566946,2
2370,-2.3011363,3.234509,2
2371,-1.6975386,6.783463,2
2372,-0.2565458,-5.10072,4
2373,-2.0328975,5.9453554,2
2374,12.700914,8.124715,1
2375,-0.17419109,0.15035845,6
2376,-4.607277,3.2740695,2
2377,1.183452,4.6118197,2
2378,0.59532136,4.222022,2
2379,1.9434239,-6.6028585,3
2380,-2.3805692,3.161382,2
2381,-2.1063418,5.794168,2
2382,1.4106548,-4.4799356,3
2383,-2.875913,4.506679,2
2384,0.90048426,-6.174079,3
2385,12.627324,8.310828,1
2386,-2.0888064,5.36061,2
2387,10.662618,9.482277,0
2388,0.6178534,5.5686946,2
2389,0.34304756,-5.077069,3
2390,0.97517055,-5.9443893,3
2391,0.40357015,4.1025405,2
2392,2.2347379,-5.085013,3
2393,-5.2096553,5.068151,2
2394,-0.20595148,0.7358198,6
2395,1.624085,-4.4902124,3
2396,-4.8758655,4.6517935,2
2397,-1.1476712,5.5280766,2
2398,-3.6938925,6.2003503,2
2399,-4.8443527,7.020956,2
2400,0.77894056,-5.1849985,3
2401,-3.8903997,2.3705962,2
2402,12.633539,7.9866104,1
2403,-0.6617327,6.293583,2
2404,2.2509658,-6.6687765,3
2405,-2.366841,4.215453,2
2406,10.625053,9.49107,0
2407,1.0594034,4.1169252,2
2408,-0.06160875,0.8647684,6
2409,-3.9399881,2.390341,2
2410,-2.5700526,7.5087595,2
2411,-1.2628556,5.9173527,2
2412,-5.0250316,5.4514503,2
2413,-1.1155224,3.1494837,2
2414,12.550262,8.300456,1
2415,2.179435,-4.3128333,3
2416,-4.983924,5.0283914,2
2417,-2.8671255,3.8812196,2
2418,-2.8829882,7.629466,2
2419,-0.101661004,0.5720972,6
2420,11.816213,8.274221,1
2421,1.98634,-4.31458,3
2422,10.6470995,9.472042,0
2423,-4.4646964,5.981086,2
2424,1.380068,4.778502,2
2425,1.2170203,-5.8210754,3
2426,1.6395168,-5.5266066,3
2427,-2.5169542,7.775343,2
2428,-1.1494083,6.663759,2
2429,-2.6060264,3.3806205,2
2430,-0.7274839,5.462112,2
2431,2.753401,-7.063105,3
2432,1.1247071,-2.843143,3
2433,-5.0268874,6.8660474,2
2434,-2.6598623,7.4020987,2
2435,-4.382537,5.206304,2
2436,-3.1235,3.8879974,2
2437,-0.15452895,0.3124363,6
2438,1.5286213,-5.330541,3
2439,-2.3454475,7.1559954,2
2440,-3.7722669,5.2255363,2
2441,2.1755714,-5.5238442,3
2442,-2.4985495,8.080334,2
2443,1.7282196,-3.0974805,3
2444,-1.8949114,5.355039,2
2445,-2.2091348,6.3601875,2
2446,-0.6115044,4.212865,2
2447,-4.7642565,5.509423,2
2448,-0.9061768,6.291461,2
2449,-1.2380214,5.61232,2
2450,1.1065416,-5.2378254,3
2451,-2.8199322,7.770134,2
2452,-0.59455335,-5.1644044,4
2453,0.7760172,5.338121,2
2454,-1.4180754,6.6354785,2
2455,-1.5952919,5.68944,2
2456,-5.024066,6.155642,2
2457,2.0856755,-5.136158,3
2458,0.6241027,-3.2411993,3
2459,1.733585,-5.3290324,3
2460,-2.827801,8.010115,2
2461,2.089964,-6.9383583,3
2462,-0.7075937,0.016088169,6
2463,-3.4128425,4.4298477,2
2464,-4.0512805,6.8240504,2
2465,0.76245546,-4.2454896,3
2466,-5.1599565,4.927672,2
2467,-4.6121993,3.2190232,2
2468,-2.9876273,4.486298,2
2469,-0.25010598,0.34716675,6
2470,12.303028,8.575093,1
2471,-4.7534003,5.673631,2
2472,-2.5020506,5.2737403,2
2473,0.9937321,1.8143284,5
2474,-4.600266,3.057156,2
2475,-2.375654,4.0620522,2
2476,-1.9064646,3.7383249,2
2477,-1.0524247,0.0063530193,6
2478,-0.06150901,0.20197529,6
2479,-4.346779,4.705896,2
2480,1.7320536,-3.2816787,3
2481,0.81517166,-5.2064614,3
2482,-0.6935447,4.294808,2
2483,0.043912522,0.5327134,6
2484,0.24572,4.1600847,2
2485,-1.8305798,4.9359913,2
2486,1.8711803,-4.388237,3
2487,-4.49017,4.65378,2
2488,-2.5701337,7.8084626,2
2489,12.366116,8.093174,1
2490,-4.6100698,6.879515,2
2491,-4.3925443,6.9422774,2
2492,2.3776884,-4.9652843,3
2493,-4.3550105,4.6261067,2
2494,2.1863458,-6.362457,3
2495,-4.3824015,6.438384,2
2496,-3.7222729,3.5370758,2
2497,1.7259753,-5.561245,3
2498,2.073319,-4.4462967,3
2499,-1.3997023,5.7440715,2
2500,1.0134482,1.5617191,5
2501,12.609725,7.516736,1
2502,-2.1880276,5.253809,2
2503,-2.771163,3.5212748,2
2504,-2.9110134,6.2041454,2
2505,-5.15391,5.8533072,2
2506,-3.317079,4.462043,2
2507,2.2816741,-6.800697,3
2508,-0.8927349,0.75203437,6
2509,-0.07283133,0.5879358,6
2510,-2.2215588,7.361517,2
2511,0.043001644,5.478182,2
2512,2.3543808,-6.491379,3
2513,2.4575121,-6.130877,3
2514,-0.67434525,5.9412565,2
2515,-5.068134,5.6202393,2
2516,1.4170045,-2.847446,3
2517,1.3940426,-3.6070032,3
2518,-0.4006058,-5.539179,4
2519,1.2714827,-2.942285,3
2520,-3.090765,5.9594007,2
2521,-0.8590978,3.8740306,2
2522,-4.1553,1.952061,2
2523,0.8772285,-4.323069,3
2524,-4.6294312,7.201277,2
2525,-2.6784894,5.8466983,2
2526,0.99215704,1.8699973,5
2527,-5.133041,4.1643434,2
2528,-0.5336792,-4.972321,4
2529,-4.656724,5.7453923,2
2530,-1.0817778,6.6080093,2
2531,-0.6244559,0.2636946,6
2532,-0.8369127,-0.11577511,6
2533,-2.1532667,5.9734955,2
2534,1.1587982,-3.169761,3
2535,-5.3078513,4.4454775,2
2536,-3.5335248,4.91256,2
2537,2.4296803,-4.4546657,3
2538,-5.009492,4.0827947,2
2539,1.2981265,-5.17507,3
2540,2.0982392,-5.6263833,3
2541,-4.691355,7.2830505,2
2542,1.6990534,-5.864493,3
2543,-1.4529645,7.594854,2
2544,-0.6302064,-4.9010816,4
2545,0.7000613,4.0457435,2
2546,1.9019731,-4.8045716,3
2547,0.28402394,4.5663486,2
2548,0.3525882,-5.947264,-1
2549,1.053718,4.115332,2
2550,-2.7441554,7.8302145,2
2551,-2.9802146,5.0499954,2
2552,2.0343359,-4.3589935,3
2553,-0.74395066,6.070419,2
2554,-4.8057756,4.843985,2
2555,-3.3033862,5.3109727,2
2556,2.7785425,-6.9882956,3
2557,-0.54761475,-5.22632,4
2558,-3.791575,6.7773976,2
2559,-1.2563285,0.8555303,7
2560,1.4358355,-5.929457,3
2561,1.3112959,-2.8070636,3
2562,-1.2052383,4.0223594,2
2563,-2.3425236,4.9016724,2
2564,-5.2299647,5.7556267,2
2565,1.2026117,4.787268,2
2566,1.6507654,-6.874542,3
2567,-3.406441,6.7254996,2
2568,-2.0450501,3.292876,2
2569,-3.6748562,1.636205,2
2570,11.819196,7.9823947,1
2571,-0.63173956,0.7780651,6
2572,0.37717402,1.0894557,-1
2573,-4.317038,2.6209886,2
2574,12.535208,7.9825172,1
2575,-2.1872215,4.08368,2
2576,2.736824,-7.1271586,3
2577,-0.58292174,4.9460483,2
2578,1.1181155,1.5010881,5
2579,-0.7750756,2.7418222,2
2580,0.81721663,-4.715078,3
2581,-2.7995987,7.874049,2
2582,-3.5192268,3.8156998,2
2583,-2.8806722,4.7088466,2
2584,-3.639284,5.4298186,2
2585,0.8659585,1.9198985,5
2586,1.5329998,-4.934245,3
2587,-4.6540103,5.321862,2
2588,-4.8908567,5.18169,2
2589,-2.4778783,3.823413,2
2590,11.94424,8.277412,1
2591,-4.9284277,7.0527606,2
2592,-1.9807127,3.24819,2
2593,-3.117087,6.6142344,2
2594,-4.517914,4.9376984,2
2595,-4.061693,6.6549206,2
2596,-3.9961843,6.6128354,2
2597,-2.1163156,4.926924,2
2598,-3.4063942,3.9504132,2
2599,2.2851808,-6.5819497,3
2600,-2.296659,7.6350617,2
2601,-3.2267075,3.8884804,2
2602,1.4623828,-6.2689843,3
2603,-3.056235,4.5008793,2
2604,1.7504631,-6.597227,3
2605,-4.5869937,4.022643,2
2606,-3.327218,3.549802,2
2607,0.84180266,-4.2826176,3
2608,-4.6841893,5.786664,2
2609,2.523145,-6.2956767,3
2610,-0.7033568,5.111835,2
2611,-3.6746407,6.3445745,2
2612,-2.5506725,8.073893,2
2613,1.5481663,-3.0934248,3
2614,-2.5823362,4.4720445,2
2615,-0.41606757,-5.285455,4
2616,12.46795,8.29446,1
2617,-3.7252417,1.5502483,2
2618,1.3658625,-3.6107655,3
2619,-0.87894064,6.131147,2
2620,-4.526194,6.5458894,2
2621,1.7316738,-3.1206615,3
2622,-0.65842235,6.355789,2
2623,12.412316,8.072666,1
2624,-1.0899326,3.8884847,2
2625,-0.24884251,-4.770401,4
2626,-3.5474617,3.7387624,2
2627,-3.5393484,5.3847537,2
2628,-0.16322304,-5.1293135,4
2629,-0.58114064,0.47946906,6
2630,1.0226887,-5.2269645,3
2631,-3.5090618,1.8376298,2
2632,-3.1802418,5.501862,2
2633,-4.7936134,4.090536,2
2634,-0.9506663,6.4169602,2
2635,2.5574543,-6.2528424,3
2636,2.4303854,-5.9127755,3
2637,-0.509255,-5.261544,4
2638,-4.686936,5.250406,2
2639,-4.9205356,4.8749337,2
2640,-1.5348516,5.591449,2
2641,-2.496445,3.8596792,2
2642,1.5307112,-6.864867,3
2643,-2.6174324,5.0211234,2
2644,-5.1323743,6.2910876,2
2645,1.7331556,-5.506706,3
2646,-3.4510975,7.137815,2
2647,-4.6948886,4.5604973,2
2648,-0.64035916,5.283115,2
2649,-3.9260983,2.5087953,2
2650,0.24560875,-4.619695,-1
2651,-4.8536115,4.4865913,2
2652,-3.4337883,6.291346,2
2653,-3.2481737,4.1905003,2
2654,-5.418277,4.959365,2
2655,0.62428045,-5.4435544,3
2656,-4.8313823,5.266149,2
2657,-4.5652537,3.1159315,2
2658,0.8867705,4.0569987,2
2659,2.0204194,-4.4243836,3
2660,-1.2808156,5.13959,2
2661,-0.6960459,4.778036,2
2662,-5.3243213,5.328374,2
2663,12.5453415,8.434543,1
2664,-4.24024,2.8693397,2
2665,-1.4924101,4.683881,2
2666,-2.4194276,7.672061,2
2667,11.97056,8.347165,1
2668,12.454206,7.845304,1
2669,-2.1214354,4.4718127,2
2670,-5.117526,5.072998,2
2671,-0.5327745,-5.1184654,4
2672,0.14075644,0.7494643,6
2673,-5.185888,5.1905823,2
2674,-2.5674882,5.864905,2
2675,-3.1349883,7.7448072,2
2676,-4.118036,4.1424184,2
2677,-3.4789636,3.6458507,2
2678,-0.7656616,-0.04639041,6
2679,-0.78185403,-0.04574497,6
2680,2.5235815,-5.755462,3
2681,-5.393119,5.2537594,2
2682,-4.8178687,6.6495886,2
2683,-0.390403,-5.0930614,4
2684,-2.4161003,7.997478,2
2685,-0.66858584,0.69378096,6
2686,0.88306576,4.2678666,2
2687,-1.9201101,3.1974561,2
2688,1.3311745,-3.61121,3
2689,12.323921,8.575724,1
2690,-2.548508,5.6113005,2
2691,-1.9412053,6.101394,2
2692,-1.2947575,5.3791127,2
2693,-4.360501,6.2724504,2
2694,0.89849824,-5.806031,3
2695,12.627276,7.8959513,1
2696,10.645662,9.468244,0
2697,-1.9970099,5.9708576,2
2698,-2.0178142,7.2059836,2
2699,-4.415494,4.6281304,2
2700,2.163705,-5.153556,3
2701,-2.5665047,3.7842941,2
2702,1.3410913,-3.4899297,3
2703,-0.17203477,3.9418917,2
2704,-1.9829963,6.103227,2
2705,-4.902742,6.951163,2
2706,-0.7529662,0.016072813,6
2707,-0.56243485,-4.7776737,4
2708,-4.015779,2.1178846,2
2709,1.4599273,-6.2668724,3
2710,-0.4402321,0.31984788,6
2711,12.589106,7.5720043,1
2712,-3.8092759,5.5476933,2
2713,1.3062449,-6.1425242,3
2714,-3.937279,6.6278257,2
2715,-4.5487814,3.6178727,2
2716,-1.8167253,4.4588943,2
2717,-4.451394,5.1979322,2
2718,1.3664579,-2.7005134,3
2719,-0.54016644,-0.36762396,6
2720,-0.2910398,5.6329155,2
2721,-3.2823207,4.361166,2
2722,-3.0474513,5.5911617,2
2723,-4.4009147,2.4195647,2
2724,1.2860668,-6.32391,3
2725,-3.3563914,6.331658,2
2726,1.0468363,-5.888833,3
2727,-0.52686745,6.431049,2
2728,-4.7395296,5.27493,2
2729,-3.5169497,5.902869,2
2730,1.3995279,-5.8023357,3
2731,2.2198088,-5.050587,3
2732,2.739942,-6.462655,3
2733,-0.51252496,1.0479178,6
2734,1.2937512,-3.2029223,3
2735,11.797577,8.177846,1
2736,0.82450694,-5.7498703,3
2737,-3.981295,6.593028,2
2738,-4.42801,5.9797935,2
2739,-3.2165077,3.294951,2
2740,-0.48497757,-4.8443265,4
2741,-3.8387012,1.5920838,2
2742,0.15076244,4.2997756,2
2743,-2.3515036,5.1942954,2
2744,1.2169036,-5.364394,3
2745,1.6626809,-4.8133316,3
2746,-3.9312117,6.900864,2
2747,11.899865,8.293989,1
2748,-0.27424106,0.6622261,6
2749,12.048319,7.531386,1
2750,-4.4190817,2.6929247,2
2751,-1.342663,5.1327987,2
2752,0.273649,-4.6666975,3
2753,1.1968858,-3.0126643,3
2754,-4.1176805,5.369659,2
2755,1.1651536,-4.8152885,3
2756,-1.2967169,4.4161396,2
2757,-4.7298965,4.1478524,2
2758,-3.7786777,6.1591234,2
2759,0.6707124,4.2758946,2
2760,0.24868034,5.1139956,2
2761,-3.1852026,4.770548,2
2762,-4.249327,6.91196,2
2763,1.322116,-3.1691885,3
2764,-2.0585897,6.779452,2
2765,-0.86821306,6.9877634,2
2766,1.24704,-6.240316,3
2767,-5.2572546,5.787275,2
2768,-1.6841565,4.1899457,2
2769,1.2695487,-3.0372531,3
2770,0.025954697,0.6881788,6
2771,-0.89070576,2.8445942,2
2772,-4.1235747,4.3766713,2
2773,-4.278379,6.9426694,2
2774,-1.254976,4.0662494,2
2775,-3.748486,5.408796,2
2776,-1.8136446,5.988891,2
2777,-4.0630336,6.9794993,2
2778,-3.6081674,4.7730007,2
2779,-3.2667704,6.7681603,2
2780,2.0759647,-5.7195644,3
2781,2.641029,-5.8144245,3
2782,-4.2497807,2.0902743,2
2783,0.6215505,-3.2296736,3
2784,-2.0296285,6.633976,2
2785,2.2922916,-6.5451407,3
2786,1.3015568,-5.79534,3
2787,-0.6314568,-4.853284,4
2788,-0.99342024,1.2109929,-1
2789,0.8735083,-6.3006496,3
2790,-5.13241,3.985734,2
2791,-4.1639853,5.7387443,2
2792,-0.7480594,6.7000866,2
2793,1.4303553,-5.8394504,3
2794,-2.7328534,5.8664246,2
2795,-1.1522219,5.1703925,2
2796,-3.6782308,6.672052,2
2797,-3.0289288,3.8709857,2
2798,-0.6375793,4.148237,2
